target_city,priority,assigned_pilot,assigned_aircraft,distance,weather,pilot_skill,aircraft_speed,fuel_capacity,score
Tehran,5,John Doe,F-16,1512.7009755451022,Clear,8,2400,5000,87.74545454545455
Tehran,5,Jane Smith,F-16,1512.7009755451022,Clear,6,2400,5000,82.74545454545455
Tehran,5,Michael Johnson,F-16,1512.7009755451022,Clear,7,2400,5000,85.24545454545455
Tehran,5,Emily Davis,F-16,1512.7009755451022,Clear,9,2400,5000,90.24545454545455
Tehran,5,Robert Brown,F-16,1512.7009755451022,Clear,5,2400,5000,80.24545454545455
Tehran,5,Sarah Wilson,F-16,1512.7009755451022,Clear,8,2400,5000,87.74545454545455
Tehran,5,David Lee,F-16,1512.7009755451022,Clear,6,2400,5000,82.74545454545455
Tehran,5,Chris Walker,F-16,1512.7009755451022,Clear,7,2400,5000,85.24545454545455
Tehran,5,Jessica Miller,F-16,1512.7009755451022,Clear,10,2400,5000,92.74545454545455
Tehran,5,Daniel Harris,F-16,1512.7009755451022,Clear,4,2400,5000,77.74545454545455
Tehran,5,John Doe,F-35,1512.7009755451022,Clear,8,3000,6000,87.74545454545455
Tehran,5,Jane Smith,F-35,1512.7009755451022,Clear,6,3000,6000,82.74545454545455
Tehran,5,Michael Johnson,F-35,1512.7009755451022,Clear,7,3000,6000,85.24545454545455
Tehran,5,Emily Davis,F-35,1512.7009755451022,Clear,9,3000,6000,90.24545454545455
Tehran,5,Robert Brown,F-35,1512.7009755451022,Clear,5,3000,6000,80.24545454545455
Tehran,5,Sarah Wilson,F-35,1512.7009755451022,Clear,8,3000,6000,87.74545454545455
Tehran,5,David Lee,F-35,1512.7009755451022,Clear,6,3000,6000,82.74545454545455
Tehran,5,Chris Walker,F-35,1512.7009755451022,Clear,7,3000,6000,85.24545454545455
Tehran,5,Jessica Miller,F-35,1512.7009755451022,Clear,10,3000,6000,92.74545454545455
Tehran,5,Daniel Harris,F-35,1512.7009755451022,Clear,4,3000,6000,77.74545454545455
Tehran,5,John Doe,MiG-29,1512.7009755451022,Clear,8,2450,4500,87.74545454545455
Tehran,5,Jane Smith,MiG-29,1512.7009755451022,Clear,6,2450,4500,82.74545454545455
Tehran,5,Michael Johnson,MiG-29,1512.7009755451022,Clear,7,2450,4500,85.24545454545455
Tehran,5,Emily Davis,MiG-29,1512.7009755451022,Clear,9,2450,4500,90.24545454545455
Tehran,5,Robert Brown,MiG-29,1512.7009755451022,Clear,5,2450,4500,80.24545454545455
Tehran,5,Sarah Wilson,MiG-29,1512.7009755451022,Clear,8,2450,4500,87.74545454545455
Tehran,5,David Lee,MiG-29,1512.7009755451022,Clear,6,2450,4500,82.74545454545455
Tehran,5,Chris Walker,MiG-29,1512.7009755451022,Clear,7,2450,4500,85.24545454545455
Tehran,5,Jessica Miller,MiG-29,1512.7009755451022,Clear,10,2450,4500,92.74545454545455
Tehran,5,Daniel Harris,MiG-29,1512.7009755451022,Clear,4,2450,4500,77.74545454545455
Tehran,5,John Doe,Su-27,1512.7009755451022,Clear,8,2500,5200,87.74545454545455
Tehran,5,Jane Smith,Su-27,1512.7009755451022,Clear,6,2500,5200,82.74545454545455
Tehran,5,Michael Johnson,Su-27,1512.7009755451022,Clear,7,2500,5200,85.24545454545455
Tehran,5,Emily Davis,Su-27,1512.7009755451022,Clear,9,2500,5200,90.24545454545455
Tehran,5,Robert Brown,Su-27,1512.7009755451022,Clear,5,2500,5200,80.24545454545455
Tehran,5,Sarah Wilson,Su-27,1512.7009755451022,Clear,8,2500,5200,87.74545454545455
Tehran,5,David Lee,Su-27,1512.7009755451022,Clear,6,2500,5200,82.74545454545455
Tehran,5,Chris Walker,Su-27,1512.7009755451022,Clear,7,2500,5200,85.24545454545455
Tehran,5,Jessica Miller,Su-27,1512.7009755451022,Clear,10,2500,5200,92.74545454545455
Tehran,5,Daniel Harris,Su-27,1512.7009755451022,Clear,4,2500,5200,77.74545454545455
Tehran,5,John Doe,Eurofighter Typhoon,1512.7009755451022,Clear,8,2495,5600,87.74545454545455
Tehran,5,Jane Smith,Eurofighter Typhoon,1512.7009755451022,Clear,6,2495,5600,82.74545454545455
Tehran,5,Michael Johnson,Eurofighter Typhoon,1512.7009755451022,Clear,7,2495,5600,85.24545454545455
Tehran,5,Emily Davis,Eurofighter Typhoon,1512.7009755451022,Clear,9,2495,5600,90.24545454545455
Tehran,5,Robert Brown,Eurofighter Typhoon,1512.7009755451022,Clear,5,2495,5600,80.24545454545455
Tehran,5,Sarah Wilson,Eurofighter Typhoon,1512.7009755451022,Clear,8,2495,5600,87.74545454545455
Tehran,5,David Lee,Eurofighter Typhoon,1512.7009755451022,Clear,6,2495,5600,82.74545454545455
Tehran,5,Chris Walker,Eurofighter Typhoon,1512.7009755451022,Clear,7,2495,5600,85.24545454545455
Tehran,5,Jessica Miller,Eurofighter Typhoon,1512.7009755451022,Clear,10,2495,5600,92.74545454545455
Tehran,5,Daniel Harris,Eurofighter Typhoon,1512.7009755451022,Clear,4,2495,5600,77.74545454545455
Tehran,5,John Doe,Rafale,1512.7009755451022,Clear,8,2130,4700,87.74545454545455
Tehran,5,Jane Smith,Rafale,1512.7009755451022,Clear,6,2130,4700,82.74545454545455
Tehran,5,Michael Johnson,Rafale,1512.7009755451022,Clear,7,2130,4700,85.24545454545455
Tehran,5,Emily Davis,Rafale,1512.7009755451022,Clear,9,2130,4700,90.24545454545455
Tehran,5,Robert Brown,Rafale,1512.7009755451022,Clear,5,2130,4700,80.24545454545455
Tehran,5,Sarah Wilson,Rafale,1512.7009755451022,Clear,8,2130,4700,87.74545454545455
Tehran,5,David Lee,Rafale,1512.7009755451022,Clear,6,2130,4700,82.74545454545455
Tehran,5,Chris Walker,Rafale,1512.7009755451022,Clear,7,2130,4700,85.24545454545455
Tehran,5,Jessica Miller,Rafale,1512.7009755451022,Clear,10,2130,4700,92.74545454545455
Tehran,5,Daniel Harris,Rafale,1512.7009755451022,Clear,4,2130,4700,77.74545454545455
Tehran,5,John Doe,F/A-18,1512.7009755451022,Clear,8,1915,4900,87.74545454545455
Tehran,5,Jane Smith,F/A-18,1512.7009755451022,Clear,6,1915,4900,82.74545454545455
Tehran,5,Michael Johnson,F/A-18,1512.7009755451022,Clear,7,1915,4900,85.24545454545455
Tehran,5,Emily Davis,F/A-18,1512.7009755451022,Clear,9,1915,4900,90.24545454545455
Tehran,5,Robert Brown,F/A-18,1512.7009755451022,Clear,5,1915,4900,80.24545454545455
Tehran,5,Sarah Wilson,F/A-18,1512.7009755451022,Clear,8,1915,4900,87.74545454545455
Tehran,5,David Lee,F/A-18,1512.7009755451022,Clear,6,1915,4900,82.74545454545455
Tehran,5,Chris Walker,F/A-18,1512.7009755451022,Clear,7,1915,4900,85.24545454545455
Tehran,5,Jessica Miller,F/A-18,1512.7009755451022,Clear,10,1915,4900,92.74545454545455
Tehran,5,Daniel Harris,F/A-18,1512.7009755451022,Clear,4,1915,4900,77.74545454545455
Baghdad,5,John Doe,F-16,846.2502128082062,Clear,8,2400,5000,84.96969696969697
Baghdad,5,Jane Smith,F-16,846.2502128082062,Clear,6,2400,5000,79.96969696969697
Baghdad,5,Michael Johnson,F-16,846.2502128082062,Clear,7,2400,5000,82.46969696969697
Baghdad,5,Emily Davis,F-16,846.2502128082062,Clear,9,2400,5000,87.46969696969697
Baghdad,5,Robert Brown,F-16,846.2502128082062,Clear,5,2400,5000,77.46969696969697
Baghdad,5,Sarah Wilson,F-16,846.2502128082062,Clear,8,2400,5000,84.96969696969697
Baghdad,5,David Lee,F-16,846.2502128082062,Clear,6,2400,5000,79.96969696969697
Baghdad,5,Chris Walker,F-16,846.2502128082062,Clear,7,2400,5000,82.46969696969697
Baghdad,5,Jessica Miller,F-16,846.2502128082062,Clear,10,2400,5000,89.96969696969697
Baghdad,5,Daniel Harris,F-16,846.2502128082062,Clear,4,2400,5000,74.96969696969697
Baghdad,5,John Doe,F-35,846.2502128082062,Clear,8,3000,6000,84.96969696969697
Baghdad,5,Jane Smith,F-35,846.2502128082062,Clear,6,3000,6000,79.96969696969697
Baghdad,5,Michael Johnson,F-35,846.2502128082062,Clear,7,3000,6000,82.46969696969697
Baghdad,5,Emily Davis,F-35,846.2502128082062,Clear,9,3000,6000,87.46969696969697
Baghdad,5,Robert Brown,F-35,846.2502128082062,Clear,5,3000,6000,77.46969696969697
Baghdad,5,Sarah Wilson,F-35,846.2502128082062,Clear,8,3000,6000,84.96969696969697
Baghdad,5,David Lee,F-35,846.2502128082062,Clear,6,3000,6000,79.96969696969697
Baghdad,5,Chris Walker,F-35,846.2502128082062,Clear,7,3000,6000,82.46969696969697
Baghdad,5,Jessica Miller,F-35,846.2502128082062,Clear,10,3000,6000,89.96969696969697
Baghdad,5,Daniel Harris,F-35,846.2502128082062,Clear,4,3000,6000,74.96969696969697
Baghdad,5,John Doe,MiG-29,846.2502128082062,Clear,8,2450,4500,84.96969696969697
Baghdad,5,Jane Smith,MiG-29,846.2502128082062,Clear,6,2450,4500,79.96969696969697
Baghdad,5,Michael Johnson,MiG-29,846.2502128082062,Clear,7,2450,4500,82.46969696969697
Baghdad,5,Emily Davis,MiG-29,846.2502128082062,Clear,9,2450,4500,87.46969696969697
Baghdad,5,Robert Brown,MiG-29,846.2502128082062,Clear,5,2450,4500,77.46969696969697
Baghdad,5,Sarah Wilson,MiG-29,846.2502128082062,Clear,8,2450,4500,84.96969696969697
Baghdad,5,David Lee,MiG-29,846.2502128082062,Clear,6,2450,4500,79.96969696969697
Baghdad,5,Chris Walker,MiG-29,846.2502128082062,Clear,7,2450,4500,82.46969696969697
Baghdad,5,Jessica Miller,MiG-29,846.2502128082062,Clear,10,2450,4500,89.96969696969697
Baghdad,5,Daniel Harris,MiG-29,846.2502128082062,Clear,4,2450,4500,74.96969696969697
Baghdad,5,John Doe,Su-27,846.2502128082062,Clear,8,2500,5200,84.96969696969697
Baghdad,5,Jane Smith,Su-27,846.2502128082062,Clear,6,2500,5200,79.96969696969697
Baghdad,5,Michael Johnson,Su-27,846.2502128082062,Clear,7,2500,5200,82.46969696969697
Baghdad,5,Emily Davis,Su-27,846.2502128082062,Clear,9,2500,5200,87.46969696969697
Baghdad,5,Robert Brown,Su-27,846.2502128082062,Clear,5,2500,5200,77.46969696969697
Baghdad,5,Sarah Wilson,Su-27,846.2502128082062,Clear,8,2500,5200,84.96969696969697
Baghdad,5,David Lee,Su-27,846.2502128082062,Clear,6,2500,5200,79.96969696969697
Baghdad,5,Chris Walker,Su-27,846.2502128082062,Clear,7,2500,5200,82.46969696969697
Baghdad,5,Jessica Miller,Su-27,846.2502128082062,Clear,10,2500,5200,89.96969696969697
Baghdad,5,Daniel Harris,Su-27,846.2502128082062,Clear,4,2500,5200,74.96969696969697
Baghdad,5,John Doe,Eurofighter Typhoon,846.2502128082062,Clear,8,2495,5600,84.96969696969697
Baghdad,5,Jane Smith,Eurofighter Typhoon,846.2502128082062,Clear,6,2495,5600,79.96969696969697
Baghdad,5,Michael Johnson,Eurofighter Typhoon,846.2502128082062,Clear,7,2495,5600,82.46969696969697
Baghdad,5,Emily Davis,Eurofighter Typhoon,846.2502128082062,Clear,9,2495,5600,87.46969696969697
Baghdad,5,Robert Brown,Eurofighter Typhoon,846.2502128082062,Clear,5,2495,5600,77.46969696969697
Baghdad,5,Sarah Wilson,Eurofighter Typhoon,846.2502128082062,Clear,8,2495,5600,84.96969696969697
Baghdad,5,David Lee,Eurofighter Typhoon,846.2502128082062,Clear,6,2495,5600,79.96969696969697
Baghdad,5,Chris Walker,Eurofighter Typhoon,846.2502128082062,Clear,7,2495,5600,82.46969696969697
Baghdad,5,Jessica Miller,Eurofighter Typhoon,846.2502128082062,Clear,10,2495,5600,89.96969696969697
Baghdad,5,Daniel Harris,Eurofighter Typhoon,846.2502128082062,Clear,4,2495,5600,74.96969696969697
Baghdad,5,John Doe,Rafale,846.2502128082062,Clear,8,2130,4700,84.96969696969697
Baghdad,5,Jane Smith,Rafale,846.2502128082062,Clear,6,2130,4700,79.96969696969697
Baghdad,5,Michael Johnson,Rafale,846.2502128082062,Clear,7,2130,4700,82.46969696969697
Baghdad,5,Emily Davis,Rafale,846.2502128082062,Clear,9,2130,4700,87.46969696969697
Baghdad,5,Robert Brown,Rafale,846.2502128082062,Clear,5,2130,4700,77.46969696969697
Baghdad,5,Sarah Wilson,Rafale,846.2502128082062,Clear,8,2130,4700,84.96969696969697
Baghdad,5,David Lee,Rafale,846.2502128082062,Clear,6,2130,4700,79.96969696969697
Baghdad,5,Chris Walker,Rafale,846.2502128082062,Clear,7,2130,4700,82.46969696969697
Baghdad,5,Jessica Miller,Rafale,846.2502128082062,Clear,10,2130,4700,89.96969696969697
Baghdad,5,Daniel Harris,Rafale,846.2502128082062,Clear,4,2130,4700,74.96969696969697
Baghdad,5,John Doe,F/A-18,846.2502128082062,Clear,8,1915,4900,84.96969696969697
Baghdad,5,Jane Smith,F/A-18,846.2502128082062,Clear,6,1915,4900,79.96969696969697
Baghdad,5,Michael Johnson,F/A-18,846.2502128082062,Clear,7,1915,4900,82.46969696969697
Baghdad,5,Emily Davis,F/A-18,846.2502128082062,Clear,9,1915,4900,87.46969696969697
Baghdad,5,Robert Brown,F/A-18,846.2502128082062,Clear,5,1915,4900,77.46969696969697
Baghdad,5,Sarah Wilson,F/A-18,846.2502128082062,Clear,8,1915,4900,84.96969696969697
Baghdad,5,David Lee,F/A-18,846.2502128082062,Clear,6,1915,4900,79.96969696969697
Baghdad,5,Chris Walker,F/A-18,846.2502128082062,Clear,7,1915,4900,82.46969696969697
Baghdad,5,Jessica Miller,F/A-18,846.2502128082062,Clear,10,1915,4900,89.96969696969697
Baghdad,5,Daniel Harris,F/A-18,846.2502128082062,Clear,4,1915,4900,74.96969696969697
Damascus,5,John Doe,F-16,132.8127281602895,Clear,8,2400,5000,84.67
Damascus,5,Jane Smith,F-16,132.8127281602895,Clear,6,2400,5000,79.67
Damascus,5,Michael Johnson,F-16,132.8127281602895,Clear,7,2400,5000,82.17
Damascus,5,Emily Davis,F-16,132.8127281602895,Clear,9,2400,5000,87.17
Damascus,5,Robert Brown,F-16,132.8127281602895,Clear,5,2400,5000,77.17
Damascus,5,Sarah Wilson,F-16,132.8127281602895,Clear,8,2400,5000,84.67
Damascus,5,David Lee,F-16,132.8127281602895,Clear,6,2400,5000,79.67
Damascus,5,Chris Walker,F-16,132.8127281602895,Clear,7,2400,5000,82.17
Damascus,5,Jessica Miller,F-16,132.8127281602895,Clear,10,2400,5000,89.67
Damascus,5,Daniel Harris,F-16,132.8127281602895,Clear,4,2400,5000,74.67
Damascus,5,John Doe,F-35,132.8127281602895,Clear,8,3000,6000,84.67
Damascus,5,Jane Smith,F-35,132.8127281602895,Clear,6,3000,6000,79.67
Damascus,5,Michael Johnson,F-35,132.8127281602895,Clear,7,3000,6000,82.17
Damascus,5,Emily Davis,F-35,132.8127281602895,Clear,9,3000,6000,87.17
Damascus,5,Robert Brown,F-35,132.8127281602895,Clear,5,3000,6000,77.17
Damascus,5,Sarah Wilson,F-35,132.8127281602895,Clear,8,3000,6000,84.67
Damascus,5,David Lee,F-35,132.8127281602895,Clear,6,3000,6000,79.67
Damascus,5,Chris Walker,F-35,132.8127281602895,Clear,7,3000,6000,82.17
Damascus,5,Jessica Miller,F-35,132.8127281602895,Clear,10,3000,6000,89.67
Damascus,5,Daniel Harris,F-35,132.8127281602895,Clear,4,3000,6000,74.67
Damascus,5,John Doe,MiG-29,132.8127281602895,Clear,8,2450,4500,84.67
Damascus,5,Jane Smith,MiG-29,132.8127281602895,Clear,6,2450,4500,79.67
Damascus,5,Michael Johnson,MiG-29,132.8127281602895,Clear,7,2450,4500,82.17
Damascus,5,Emily Davis,MiG-29,132.8127281602895,Clear,9,2450,4500,87.17
Damascus,5,Robert Brown,MiG-29,132.8127281602895,Clear,5,2450,4500,77.17
Damascus,5,Sarah Wilson,MiG-29,132.8127281602895,Clear,8,2450,4500,84.67
Damascus,5,David Lee,MiG-29,132.8127281602895,Clear,6,2450,4500,79.67
Damascus,5,Chris Walker,MiG-29,132.8127281602895,Clear,7,2450,4500,82.17
Damascus,5,Jessica Miller,MiG-29,132.8127281602895,Clear,10,2450,4500,89.67
Damascus,5,Daniel Harris,MiG-29,132.8127281602895,Clear,4,2450,4500,74.67
Damascus,5,John Doe,Su-27,132.8127281602895,Clear,8,2500,5200,84.67
Damascus,5,Jane Smith,Su-27,132.8127281602895,Clear,6,2500,5200,79.67
Damascus,5,Michael Johnson,Su-27,132.8127281602895,Clear,7,2500,5200,82.17
Damascus,5,Emily Davis,Su-27,132.8127281602895,Clear,9,2500,5200,87.17
Damascus,5,Robert Brown,Su-27,132.8127281602895,Clear,5,2500,5200,77.17
Damascus,5,Sarah Wilson,Su-27,132.8127281602895,Clear,8,2500,5200,84.67
Damascus,5,David Lee,Su-27,132.8127281602895,Clear,6,2500,5200,79.67
Damascus,5,Chris Walker,Su-27,132.8127281602895,Clear,7,2500,5200,82.17
Damascus,5,Jessica Miller,Su-27,132.8127281602895,Clear,10,2500,5200,89.67
Damascus,5,Daniel Harris,Su-27,132.8127281602895,Clear,4,2500,5200,74.67
Damascus,5,John Doe,Eurofighter Typhoon,132.8127281602895,Clear,8,2495,5600,84.67
Damascus,5,Jane Smith,Eurofighter Typhoon,132.8127281602895,Clear,6,2495,5600,79.67
Damascus,5,Michael Johnson,Eurofighter Typhoon,132.8127281602895,Clear,7,2495,5600,82.17
Damascus,5,Emily Davis,Eurofighter Typhoon,132.8127281602895,Clear,9,2495,5600,87.17
Damascus,5,Robert Brown,Eurofighter Typhoon,132.8127281602895,Clear,5,2495,5600,77.17
Damascus,5,Sarah Wilson,Eurofighter Typhoon,132.8127281602895,Clear,8,2495,5600,84.67
Damascus,5,David Lee,Eurofighter Typhoon,132.8127281602895,Clear,6,2495,5600,79.67
Damascus,5,Chris Walker,Eurofighter Typhoon,132.8127281602895,Clear,7,2495,5600,82.17
Damascus,5,Jessica Miller,Eurofighter Typhoon,132.8127281602895,Clear,10,2495,5600,89.67
Damascus,5,Daniel Harris,Eurofighter Typhoon,132.8127281602895,Clear,4,2495,5600,74.67
Damascus,5,John Doe,Rafale,132.8127281602895,Clear,8,2130,4700,84.67
Damascus,5,Jane Smith,Rafale,132.8127281602895,Clear,6,2130,4700,79.67
Damascus,5,Michael Johnson,Rafale,132.8127281602895,Clear,7,2130,4700,82.17
Damascus,5,Emily Davis,Rafale,132.8127281602895,Clear,9,2130,4700,87.17
Damascus,5,Robert Brown,Rafale,132.8127281602895,Clear,5,2130,4700,77.17
Damascus,5,Sarah Wilson,Rafale,132.8127281602895,Clear,8,2130,4700,84.67
Damascus,5,David Lee,Rafale,132.8127281602895,Clear,6,2130,4700,79.67
Damascus,5,Chris Walker,Rafale,132.8127281602895,Clear,7,2130,4700,82.17
Damascus,5,Jessica Miller,Rafale,132.8127281602895,Clear,10,2130,4700,89.67
Damascus,5,Daniel Harris,Rafale,132.8127281602895,Clear,4,2130,4700,74.67
Damascus,5,John Doe,F/A-18,132.8127281602895,Clear,8,1915,4900,84.67
Damascus,5,Jane Smith,F/A-18,132.8127281602895,Clear,6,1915,4900,79.67
Damascus,5,Michael Johnson,F/A-18,132.8127281602895,Clear,7,1915,4900,82.17
Damascus,5,Emily Davis,F/A-18,132.8127281602895,Clear,9,1915,4900,87.17
Damascus,5,Robert Brown,F/A-18,132.8127281602895,Clear,5,1915,4900,77.17
Damascus,5,Sarah Wilson,F/A-18,132.8127281602895,Clear,8,1915,4900,84.67
Damascus,5,David Lee,F/A-18,132.8127281602895,Clear,6,1915,4900,79.67
Damascus,5,Chris Walker,F/A-18,132.8127281602895,Clear,7,1915,4900,82.17
Damascus,5,Jessica Miller,F/A-18,132.8127281602895,Clear,10,1915,4900,89.67
Damascus,5,Daniel Harris,F/A-18,132.8127281602895,Clear,4,1915,4900,74.67
Kabul,4,John Doe,F-16,3126.423772392182,Rain,8,2400,5000,69.93454545454546
Kabul,4,Jane Smith,F-16,3126.423772392182,Rain,6,2400,5000,64.93454545454546
Kabul,4,Michael Johnson,F-16,3126.423772392182,Rain,7,2400,5000,67.43454545454546
Kabul,4,Emily Davis,F-16,3126.423772392182,Rain,9,2400,5000,72.43454545454546
Kabul,4,Robert Brown,F-16,3126.423772392182,Rain,5,2400,5000,62.43454545454546
Kabul,4,Sarah Wilson,F-16,3126.423772392182,Rain,8,2400,5000,69.93454545454546
Kabul,4,David Lee,F-16,3126.423772392182,Rain,6,2400,5000,64.93454545454546
Kabul,4,Chris Walker,F-16,3126.423772392182,Rain,7,2400,5000,67.43454545454546
Kabul,4,Jessica Miller,F-16,3126.423772392182,Rain,10,2400,5000,74.93454545454546
Kabul,4,Daniel Harris,F-16,3126.423772392182,Rain,4,2400,5000,59.93454545454546
Kabul,4,John Doe,F-35,3126.423772392182,Rain,8,3000,6000,69.93454545454546
Kabul,4,Jane Smith,F-35,3126.423772392182,Rain,6,3000,6000,64.93454545454546
Kabul,4,Michael Johnson,F-35,3126.423772392182,Rain,7,3000,6000,67.43454545454546
Kabul,4,Emily Davis,F-35,3126.423772392182,Rain,9,3000,6000,72.43454545454546
Kabul,4,Robert Brown,F-35,3126.423772392182,Rain,5,3000,6000,62.43454545454546
Kabul,4,Sarah Wilson,F-35,3126.423772392182,Rain,8,3000,6000,69.93454545454546
Kabul,4,David Lee,F-35,3126.423772392182,Rain,6,3000,6000,64.93454545454546
Kabul,4,Chris Walker,F-35,3126.423772392182,Rain,7,3000,6000,67.43454545454546
Kabul,4,Jessica Miller,F-35,3126.423772392182,Rain,10,3000,6000,74.93454545454546
Kabul,4,Daniel Harris,F-35,3126.423772392182,Rain,4,3000,6000,59.93454545454546
Kabul,4,John Doe,MiG-29,3126.423772392182,Rain,8,2450,4500,69.93454545454546
Kabul,4,Jane Smith,MiG-29,3126.423772392182,Rain,6,2450,4500,64.93454545454546
Kabul,4,Michael Johnson,MiG-29,3126.423772392182,Rain,7,2450,4500,67.43454545454546
Kabul,4,Emily Davis,MiG-29,3126.423772392182,Rain,9,2450,4500,72.43454545454546
Kabul,4,Robert Brown,MiG-29,3126.423772392182,Rain,5,2450,4500,62.43454545454546
Kabul,4,Sarah Wilson,MiG-29,3126.423772392182,Rain,8,2450,4500,69.93454545454546
Kabul,4,David Lee,MiG-29,3126.423772392182,Rain,6,2450,4500,64.93454545454546
Kabul,4,Chris Walker,MiG-29,3126.423772392182,Rain,7,2450,4500,67.43454545454546
Kabul,4,Jessica Miller,MiG-29,3126.423772392182,Rain,10,2450,4500,74.93454545454546
Kabul,4,Daniel Harris,MiG-29,3126.423772392182,Rain,4,2450,4500,59.93454545454546
Kabul,4,John Doe,Su-27,3126.423772392182,Rain,8,2500,5200,69.93454545454546
Kabul,4,Jane Smith,Su-27,3126.423772392182,Rain,6,2500,5200,64.93454545454546
Kabul,4,Michael Johnson,Su-27,3126.423772392182,Rain,7,2500,5200,67.43454545454546
Kabul,4,Emily Davis,Su-27,3126.423772392182,Rain,9,2500,5200,72.43454545454546
Kabul,4,Robert Brown,Su-27,3126.423772392182,Rain,5,2500,5200,62.43454545454546
Kabul,4,Sarah Wilson,Su-27,3126.423772392182,Rain,8,2500,5200,69.93454545454546
Kabul,4,David Lee,Su-27,3126.423772392182,Rain,6,2500,5200,64.93454545454546
Kabul,4,Chris Walker,Su-27,3126.423772392182,Rain,7,2500,5200,67.43454545454546
Kabul,4,Jessica Miller,Su-27,3126.423772392182,Rain,10,2500,5200,74.93454545454546
Kabul,4,Daniel Harris,Su-27,3126.423772392182,Rain,4,2500,5200,59.93454545454546
Kabul,4,John Doe,Eurofighter Typhoon,3126.423772392182,Rain,8,2495,5600,69.93454545454546
Kabul,4,Jane Smith,Eurofighter Typhoon,3126.423772392182,Rain,6,2495,5600,64.93454545454546
Kabul,4,Michael Johnson,Eurofighter Typhoon,3126.423772392182,Rain,7,2495,5600,67.43454545454546
Kabul,4,Emily Davis,Eurofighter Typhoon,3126.423772392182,Rain,9,2495,5600,72.43454545454546
Kabul,4,Robert Brown,Eurofighter Typhoon,3126.423772392182,Rain,5,2495,5600,62.43454545454546
Kabul,4,Sarah Wilson,Eurofighter Typhoon,3126.423772392182,Rain,8,2495,5600,69.93454545454546
Kabul,4,David Lee,Eurofighter Typhoon,3126.423772392182,Rain,6,2495,5600,64.93454545454546
Kabul,4,Chris Walker,Eurofighter Typhoon,3126.423772392182,Rain,7,2495,5600,67.43454545454546
Kabul,4,Jessica Miller,Eurofighter Typhoon,3126.423772392182,Rain,10,2495,5600,74.93454545454546
Kabul,4,Daniel Harris,Eurofighter Typhoon,3126.423772392182,Rain,4,2495,5600,59.93454545454546
Kabul,4,John Doe,Rafale,3126.423772392182,Rain,8,2130,4700,69.93454545454546
Kabul,4,Jane Smith,Rafale,3126.423772392182,Rain,6,2130,4700,64.93454545454546
Kabul,4,Michael Johnson,Rafale,3126.423772392182,Rain,7,2130,4700,67.43454545454546
Kabul,4,Emily Davis,Rafale,3126.423772392182,Rain,9,2130,4700,72.43454545454546
Kabul,4,Robert Brown,Rafale,3126.423772392182,Rain,5,2130,4700,62.43454545454546
Kabul,4,Sarah Wilson,Rafale,3126.423772392182,Rain,8,2130,4700,69.93454545454546
Kabul,4,David Lee,Rafale,3126.423772392182,Rain,6,2130,4700,64.93454545454546
Kabul,4,Chris Walker,Rafale,3126.423772392182,Rain,7,2130,4700,67.43454545454546
Kabul,4,Jessica Miller,Rafale,3126.423772392182,Rain,10,2130,4700,74.93454545454546
Kabul,4,Daniel Harris,Rafale,3126.423772392182,Rain,4,2130,4700,59.93454545454546
Kabul,4,John Doe,F/A-18,3126.423772392182,Rain,8,1915,4900,69.93454545454546
Kabul,4,Jane Smith,F/A-18,3126.423772392182,Rain,6,1915,4900,64.93454545454546
Kabul,4,Michael Johnson,F/A-18,3126.423772392182,Rain,7,1915,4900,67.43454545454546
Kabul,4,Emily Davis,F/A-18,3126.423772392182,Rain,9,1915,4900,72.43454545454546
Kabul,4,Robert Brown,F/A-18,3126.423772392182,Rain,5,1915,4900,62.43454545454546
Kabul,4,Sarah Wilson,F/A-18,3126.423772392182,Rain,8,1915,4900,69.93454545454546
Kabul,4,David Lee,F/A-18,3126.423772392182,Rain,6,1915,4900,64.93454545454546
Kabul,4,Chris Walker,F/A-18,3126.423772392182,Rain,7,1915,4900,67.43454545454546
Kabul,4,Jessica Miller,F/A-18,3126.423772392182,Rain,10,1915,4900,74.93454545454546
Kabul,4,Daniel Harris,F/A-18,3126.423772392182,Rain,4,1915,4900,59.93454545454546
Sanaa,4,John Doe,F-16,2118.9885866318496,Rain,8,2400,5000,71.59975757575758
Sanaa,4,Jane Smith,F-16,2118.9885866318496,Rain,6,2400,5000,66.59975757575758
Sanaa,4,Michael Johnson,F-16,2118.9885866318496,Rain,7,2400,5000,69.09975757575758
Sanaa,4,Emily Davis,F-16,2118.9885866318496,Rain,9,2400,5000,74.09975757575758
Sanaa,4,Robert Brown,F-16,2118.9885866318496,Rain,5,2400,5000,64.09975757575758
Sanaa,4,Sarah Wilson,F-16,2118.9885866318496,Rain,8,2400,5000,71.59975757575758
Sanaa,4,David Lee,F-16,2118.9885866318496,Rain,6,2400,5000,66.59975757575758
Sanaa,4,Chris Walker,F-16,2118.9885866318496,Rain,7,2400,5000,69.09975757575758
Sanaa,4,Jessica Miller,F-16,2118.9885866318496,Rain,10,2400,5000,76.59975757575758
Sanaa,4,Daniel Harris,F-16,2118.9885866318496,Rain,4,2400,5000,61.59975757575758
Sanaa,4,John Doe,F-35,2118.9885866318496,Rain,8,3000,6000,71.59975757575758
Sanaa,4,Jane Smith,F-35,2118.9885866318496,Rain,6,3000,6000,66.59975757575758
Sanaa,4,Michael Johnson,F-35,2118.9885866318496,Rain,7,3000,6000,69.09975757575758
Sanaa,4,Emily Davis,F-35,2118.9885866318496,Rain,9,3000,6000,74.09975757575758
Sanaa,4,Robert Brown,F-35,2118.9885866318496,Rain,5,3000,6000,64.09975757575758
Sanaa,4,Sarah Wilson,F-35,2118.9885866318496,Rain,8,3000,6000,71.59975757575758
Sanaa,4,David Lee,F-35,2118.9885866318496,Rain,6,3000,6000,66.59975757575758
Sanaa,4,Chris Walker,F-35,2118.9885866318496,Rain,7,3000,6000,69.09975757575758
Sanaa,4,Jessica Miller,F-35,2118.9885866318496,Rain,10,3000,6000,76.59975757575758
Sanaa,4,Daniel Harris,F-35,2118.9885866318496,Rain,4,3000,6000,61.59975757575758
Sanaa,4,John Doe,MiG-29,2118.9885866318496,Rain,8,2450,4500,71.59975757575758
Sanaa,4,Jane Smith,MiG-29,2118.9885866318496,Rain,6,2450,4500,66.59975757575758
Sanaa,4,Michael Johnson,MiG-29,2118.9885866318496,Rain,7,2450,4500,69.09975757575758
Sanaa,4,Emily Davis,MiG-29,2118.9885866318496,Rain,9,2450,4500,74.09975757575758
Sanaa,4,Robert Brown,MiG-29,2118.9885866318496,Rain,5,2450,4500,64.09975757575758
Sanaa,4,Sarah Wilson,MiG-29,2118.9885866318496,Rain,8,2450,4500,71.59975757575758
Sanaa,4,David Lee,MiG-29,2118.9885866318496,Rain,6,2450,4500,66.59975757575758
Sanaa,4,Chris Walker,MiG-29,2118.9885866318496,Rain,7,2450,4500,69.09975757575758
Sanaa,4,Jessica Miller,MiG-29,2118.9885866318496,Rain,10,2450,4500,76.59975757575758
Sanaa,4,Daniel Harris,MiG-29,2118.9885866318496,Rain,4,2450,4500,61.59975757575758
Sanaa,4,John Doe,Su-27,2118.9885866318496,Rain,8,2500,5200,71.59975757575758
Sanaa,4,Jane Smith,Su-27,2118.9885866318496,Rain,6,2500,5200,66.59975757575758
Sanaa,4,Michael Johnson,Su-27,2118.9885866318496,Rain,7,2500,5200,69.09975757575758
Sanaa,4,Emily Davis,Su-27,2118.9885866318496,Rain,9,2500,5200,74.09975757575758
Sanaa,4,Robert Brown,Su-27,2118.9885866318496,Rain,5,2500,5200,64.09975757575758
Sanaa,4,Sarah Wilson,Su-27,2118.9885866318496,Rain,8,2500,5200,71.59975757575758
Sanaa,4,David Lee,Su-27,2118.9885866318496,Rain,6,2500,5200,66.59975757575758
Sanaa,4,Chris Walker,Su-27,2118.9885866318496,Rain,7,2500,5200,69.09975757575758
Sanaa,4,Jessica Miller,Su-27,2118.9885866318496,Rain,10,2500,5200,76.59975757575758
Sanaa,4,Daniel Harris,Su-27,2118.9885866318496,Rain,4,2500,5200,61.59975757575758
Sanaa,4,John Doe,Eurofighter Typhoon,2118.9885866318496,Rain,8,2495,5600,71.59975757575758
Sanaa,4,Jane Smith,Eurofighter Typhoon,2118.9885866318496,Rain,6,2495,5600,66.59975757575758
Sanaa,4,Michael Johnson,Eurofighter Typhoon,2118.9885866318496,Rain,7,2495,5600,69.09975757575758
Sanaa,4,Emily Davis,Eurofighter Typhoon,2118.9885866318496,Rain,9,2495,5600,74.09975757575758
Sanaa,4,Robert Brown,Eurofighter Typhoon,2118.9885866318496,Rain,5,2495,5600,64.09975757575758
Sanaa,4,Sarah Wilson,Eurofighter Typhoon,2118.9885866318496,Rain,8,2495,5600,71.59975757575758
Sanaa,4,David Lee,Eurofighter Typhoon,2118.9885866318496,Rain,6,2495,5600,66.59975757575758
Sanaa,4,Chris Walker,Eurofighter Typhoon,2118.9885866318496,Rain,7,2495,5600,69.09975757575758
Sanaa,4,Jessica Miller,Eurofighter Typhoon,2118.9885866318496,Rain,10,2495,5600,76.59975757575758
Sanaa,4,Daniel Harris,Eurofighter Typhoon,2118.9885866318496,Rain,4,2495,5600,61.59975757575758
Sanaa,4,John Doe,Rafale,2118.9885866318496,Rain,8,2130,4700,71.59975757575758
Sanaa,4,Jane Smith,Rafale,2118.9885866318496,Rain,6,2130,4700,66.59975757575758
Sanaa,4,Michael Johnson,Rafale,2118.9885866318496,Rain,7,2130,4700,69.09975757575758
Sanaa,4,Emily Davis,Rafale,2118.9885866318496,Rain,9,2130,4700,74.09975757575758
Sanaa,4,Robert Brown,Rafale,2118.9885866318496,Rain,5,2130,4700,64.09975757575758
Sanaa,4,Sarah Wilson,Rafale,2118.9885866318496,Rain,8,2130,4700,71.59975757575758
Sanaa,4,David Lee,Rafale,2118.9885866318496,Rain,6,2130,4700,66.59975757575758
Sanaa,4,Chris Walker,Rafale,2118.9885866318496,Rain,7,2130,4700,69.09975757575758
Sanaa,4,Jessica Miller,Rafale,2118.9885866318496,Rain,10,2130,4700,76.59975757575758
Sanaa,4,Daniel Harris,Rafale,2118.9885866318496,Rain,4,2130,4700,61.59975757575758
Sanaa,4,John Doe,F/A-18,2118.9885866318496,Rain,8,1915,4900,71.59975757575758
Sanaa,4,Jane Smith,F/A-18,2118.9885866318496,Rain,6,1915,4900,66.59975757575758
Sanaa,4,Michael Johnson,F/A-18,2118.9885866318496,Rain,7,1915,4900,69.09975757575758
Sanaa,4,Emily Davis,F/A-18,2118.9885866318496,Rain,9,1915,4900,74.09975757575758
Sanaa,4,Robert Brown,F/A-18,2118.9885866318496,Rain,5,1915,4900,64.09975757575758
Sanaa,4,Sarah Wilson,F/A-18,2118.9885866318496,Rain,8,1915,4900,71.59975757575758
Sanaa,4,David Lee,F/A-18,2118.9885866318496,Rain,6,1915,4900,66.59975757575758
Sanaa,4,Chris Walker,F/A-18,2118.9885866318496,Rain,7,1915,4900,69.09975757575758
Sanaa,4,Jessica Miller,F/A-18,2118.9885866318496,Rain,10,1915,4900,76.59975757575758
Sanaa,4,Daniel Harris,F/A-18,2118.9885866318496,Rain,4,1915,4900,61.59975757575758
Riyadh,4,John Doe,F-16,1419.7512489932435,Clouds,8,2400,5000,68.81478787878788
Riyadh,4,Jane Smith,F-16,1419.7512489932435,Clouds,6,2400,5000,63.814787878787875
Riyadh,4,Michael Johnson,F-16,1419.7512489932435,Clouds,7,2400,5000,66.31478787878788
Riyadh,4,Emily Davis,F-16,1419.7512489932435,Clouds,9,2400,5000,71.31478787878788
Riyadh,4,Robert Brown,F-16,1419.7512489932435,Clouds,5,2400,5000,61.314787878787875
Riyadh,4,Sarah Wilson,F-16,1419.7512489932435,Clouds,8,2400,5000,68.81478787878788
Riyadh,4,David Lee,F-16,1419.7512489932435,Clouds,6,2400,5000,63.814787878787875
Riyadh,4,Chris Walker,F-16,1419.7512489932435,Clouds,7,2400,5000,66.31478787878788
Riyadh,4,Jessica Miller,F-16,1419.7512489932435,Clouds,10,2400,5000,73.81478787878788
Riyadh,4,Daniel Harris,F-16,1419.7512489932435,Clouds,4,2400,5000,58.814787878787875
Riyadh,4,John Doe,F-35,1419.7512489932435,Clouds,8,3000,6000,68.81478787878788
Riyadh,4,Jane Smith,F-35,1419.7512489932435,Clouds,6,3000,6000,63.814787878787875
Riyadh,4,Michael Johnson,F-35,1419.7512489932435,Clouds,7,3000,6000,66.31478787878788
Riyadh,4,Emily Davis,F-35,1419.7512489932435,Clouds,9,3000,6000,71.31478787878788
Riyadh,4,Robert Brown,F-35,1419.7512489932435,Clouds,5,3000,6000,61.314787878787875
Riyadh,4,Sarah Wilson,F-35,1419.7512489932435,Clouds,8,3000,6000,68.81478787878788
Riyadh,4,David Lee,F-35,1419.7512489932435,Clouds,6,3000,6000,63.814787878787875
Riyadh,4,Chris Walker,F-35,1419.7512489932435,Clouds,7,3000,6000,66.31478787878788
Riyadh,4,Jessica Miller,F-35,1419.7512489932435,Clouds,10,3000,6000,73.81478787878788
Riyadh,4,Daniel Harris,F-35,1419.7512489932435,Clouds,4,3000,6000,58.814787878787875
Riyadh,4,John Doe,MiG-29,1419.7512489932435,Clouds,8,2450,4500,68.81478787878788
Riyadh,4,Jane Smith,MiG-29,1419.7512489932435,Clouds,6,2450,4500,63.814787878787875
Riyadh,4,Michael Johnson,MiG-29,1419.7512489932435,Clouds,7,2450,4500,66.31478787878788
Riyadh,4,Emily Davis,MiG-29,1419.7512489932435,Clouds,9,2450,4500,71.31478787878788
Riyadh,4,Robert Brown,MiG-29,1419.7512489932435,Clouds,5,2450,4500,61.314787878787875
Riyadh,4,Sarah Wilson,MiG-29,1419.7512489932435,Clouds,8,2450,4500,68.81478787878788
Riyadh,4,David Lee,MiG-29,1419.7512489932435,Clouds,6,2450,4500,63.814787878787875
Riyadh,4,Chris Walker,MiG-29,1419.7512489932435,Clouds,7,2450,4500,66.31478787878788
Riyadh,4,Jessica Miller,MiG-29,1419.7512489932435,Clouds,10,2450,4500,73.81478787878788
Riyadh,4,Daniel Harris,MiG-29,1419.7512489932435,Clouds,4,2450,4500,58.814787878787875
Riyadh,4,John Doe,Su-27,1419.7512489932435,Clouds,8,2500,5200,68.81478787878788
Riyadh,4,Jane Smith,Su-27,1419.7512489932435,Clouds,6,2500,5200,63.814787878787875
Riyadh,4,Michael Johnson,Su-27,1419.7512489932435,Clouds,7,2500,5200,66.31478787878788
Riyadh,4,Emily Davis,Su-27,1419.7512489932435,Clouds,9,2500,5200,71.31478787878788
Riyadh,4,Robert Brown,Su-27,1419.7512489932435,Clouds,5,2500,5200,61.314787878787875
Riyadh,4,Sarah Wilson,Su-27,1419.7512489932435,Clouds,8,2500,5200,68.81478787878788
Riyadh,4,David Lee,Su-27,1419.7512489932435,Clouds,6,2500,5200,63.814787878787875
Riyadh,4,Chris Walker,Su-27,1419.7512489932435,Clouds,7,2500,5200,66.31478787878788
Riyadh,4,Jessica Miller,Su-27,1419.7512489932435,Clouds,10,2500,5200,73.81478787878788
Riyadh,4,Daniel Harris,Su-27,1419.7512489932435,Clouds,4,2500,5200,58.814787878787875
Riyadh,4,John Doe,Eurofighter Typhoon,1419.7512489932435,Clouds,8,2495,5600,68.81478787878788
Riyadh,4,Jane Smith,Eurofighter Typhoon,1419.7512489932435,Clouds,6,2495,5600,63.814787878787875
Riyadh,4,Michael Johnson,Eurofighter Typhoon,1419.7512489932435,Clouds,7,2495,5600,66.31478787878788
Riyadh,4,Emily Davis,Eurofighter Typhoon,1419.7512489932435,Clouds,9,2495,5600,71.31478787878788
Riyadh,4,Robert Brown,Eurofighter Typhoon,1419.7512489932435,Clouds,5,2495,5600,61.314787878787875
Riyadh,4,Sarah Wilson,Eurofighter Typhoon,1419.7512489932435,Clouds,8,2495,5600,68.81478787878788
Riyadh,4,David Lee,Eurofighter Typhoon,1419.7512489932435,Clouds,6,2495,5600,63.814787878787875
Riyadh,4,Chris Walker,Eurofighter Typhoon,1419.7512489932435,Clouds,7,2495,5600,66.31478787878788
Riyadh,4,Jessica Miller,Eurofighter Typhoon,1419.7512489932435,Clouds,10,2495,5600,73.81478787878788
Riyadh,4,Daniel Harris,Eurofighter Typhoon,1419.7512489932435,Clouds,4,2495,5600,58.814787878787875
Riyadh,4,John Doe,Rafale,1419.7512489932435,Clouds,8,2130,4700,68.81478787878788
Riyadh,4,Jane Smith,Rafale,1419.7512489932435,Clouds,6,2130,4700,63.814787878787875
Riyadh,4,Michael Johnson,Rafale,1419.7512489932435,Clouds,7,2130,4700,66.31478787878788
Riyadh,4,Emily Davis,Rafale,1419.7512489932435,Clouds,9,2130,4700,71.31478787878788
Riyadh,4,Robert Brown,Rafale,1419.7512489932435,Clouds,5,2130,4700,61.314787878787875
Riyadh,4,Sarah Wilson,Rafale,1419.7512489932435,Clouds,8,2130,4700,68.81478787878788
Riyadh,4,David Lee,Rafale,1419.7512489932435,Clouds,6,2130,4700,63.814787878787875
Riyadh,4,Chris Walker,Rafale,1419.7512489932435,Clouds,7,2130,4700,66.31478787878788
Riyadh,4,Jessica Miller,Rafale,1419.7512489932435,Clouds,10,2130,4700,73.81478787878788
Riyadh,4,Daniel Harris,Rafale,1419.7512489932435,Clouds,4,2130,4700,58.814787878787875
Riyadh,4,John Doe,F/A-18,1419.7512489932435,Clouds,8,1915,4900,68.81478787878788
Riyadh,4,Jane Smith,F/A-18,1419.7512489932435,Clouds,6,1915,4900,63.814787878787875
Riyadh,4,Michael Johnson,F/A-18,1419.7512489932435,Clouds,7,1915,4900,66.31478787878788
Riyadh,4,Emily Davis,F/A-18,1419.7512489932435,Clouds,9,1915,4900,71.31478787878788
Riyadh,4,Robert Brown,F/A-18,1419.7512489932435,Clouds,5,1915,4900,61.314787878787875
Riyadh,4,Sarah Wilson,F/A-18,1419.7512489932435,Clouds,8,1915,4900,68.81478787878788
Riyadh,4,David Lee,F/A-18,1419.7512489932435,Clouds,6,1915,4900,63.814787878787875
Riyadh,4,Chris Walker,F/A-18,1419.7512489932435,Clouds,7,1915,4900,66.31478787878788
Riyadh,4,Jessica Miller,F/A-18,1419.7512489932435,Clouds,10,1915,4900,73.81478787878788
Riyadh,4,Daniel Harris,F/A-18,1419.7512489932435,Clouds,4,1915,4900,58.814787878787875
Cairo,3,John Doe,F-16,485.00911326512215,Clear,8,2400,5000,74.03030303030303
Cairo,3,Jane Smith,F-16,485.00911326512215,Clear,6,2400,5000,69.03030303030303
Cairo,3,Michael Johnson,F-16,485.00911326512215,Clear,7,2400,5000,71.53030303030303
Cairo,3,Emily Davis,F-16,485.00911326512215,Clear,9,2400,5000,76.53030303030303
Cairo,3,Robert Brown,F-16,485.00911326512215,Clear,5,2400,5000,66.53030303030303
Cairo,3,Sarah Wilson,F-16,485.00911326512215,Clear,8,2400,5000,74.03030303030303
Cairo,3,David Lee,F-16,485.00911326512215,Clear,6,2400,5000,69.03030303030303
Cairo,3,Chris Walker,F-16,485.00911326512215,Clear,7,2400,5000,71.53030303030303
Cairo,3,Jessica Miller,F-16,485.00911326512215,Clear,10,2400,5000,79.03030303030303
Cairo,3,Daniel Harris,F-16,485.00911326512215,Clear,4,2400,5000,64.03030303030303
Cairo,3,John Doe,F-35,485.00911326512215,Clear,8,3000,6000,74.03030303030303
Cairo,3,Jane Smith,F-35,485.00911326512215,Clear,6,3000,6000,69.03030303030303
Cairo,3,Michael Johnson,F-35,485.00911326512215,Clear,7,3000,6000,71.53030303030303
Cairo,3,Emily Davis,F-35,485.00911326512215,Clear,9,3000,6000,76.53030303030303
Cairo,3,Robert Brown,F-35,485.00911326512215,Clear,5,3000,6000,66.53030303030303
Cairo,3,Sarah Wilson,F-35,485.00911326512215,Clear,8,3000,6000,74.03030303030303
Cairo,3,David Lee,F-35,485.00911326512215,Clear,6,3000,6000,69.03030303030303
Cairo,3,Chris Walker,F-35,485.00911326512215,Clear,7,3000,6000,71.53030303030303
Cairo,3,Jessica Miller,F-35,485.00911326512215,Clear,10,3000,6000,79.03030303030303
Cairo,3,Daniel Harris,F-35,485.00911326512215,Clear,4,3000,6000,64.03030303030303
Cairo,3,John Doe,MiG-29,485.00911326512215,Clear,8,2450,4500,74.03030303030303
Cairo,3,Jane Smith,MiG-29,485.00911326512215,Clear,6,2450,4500,69.03030303030303
Cairo,3,Michael Johnson,MiG-29,485.00911326512215,Clear,7,2450,4500,71.53030303030303
Cairo,3,Emily Davis,MiG-29,485.00911326512215,Clear,9,2450,4500,76.53030303030303
Cairo,3,Robert Brown,MiG-29,485.00911326512215,Clear,5,2450,4500,66.53030303030303
Cairo,3,Sarah Wilson,MiG-29,485.00911326512215,Clear,8,2450,4500,74.03030303030303
Cairo,3,David Lee,MiG-29,485.00911326512215,Clear,6,2450,4500,69.03030303030303
Cairo,3,Chris Walker,MiG-29,485.00911326512215,Clear,7,2450,4500,71.53030303030303
Cairo,3,Jessica Miller,MiG-29,485.00911326512215,Clear,10,2450,4500,79.03030303030303
Cairo,3,Daniel Harris,MiG-29,485.00911326512215,Clear,4,2450,4500,64.03030303030303
Cairo,3,John Doe,Su-27,485.00911326512215,Clear,8,2500,5200,74.03030303030303
Cairo,3,Jane Smith,Su-27,485.00911326512215,Clear,6,2500,5200,69.03030303030303
Cairo,3,Michael Johnson,Su-27,485.00911326512215,Clear,7,2500,5200,71.53030303030303
Cairo,3,Emily Davis,Su-27,485.00911326512215,Clear,9,2500,5200,76.53030303030303
Cairo,3,Robert Brown,Su-27,485.00911326512215,Clear,5,2500,5200,66.53030303030303
Cairo,3,Sarah Wilson,Su-27,485.00911326512215,Clear,8,2500,5200,74.03030303030303
Cairo,3,David Lee,Su-27,485.00911326512215,Clear,6,2500,5200,69.03030303030303
Cairo,3,Chris Walker,Su-27,485.00911326512215,Clear,7,2500,5200,71.53030303030303
Cairo,3,Jessica Miller,Su-27,485.00911326512215,Clear,10,2500,5200,79.03030303030303
Cairo,3,Daniel Harris,Su-27,485.00911326512215,Clear,4,2500,5200,64.03030303030303
Cairo,3,John Doe,Eurofighter Typhoon,485.00911326512215,Clear,8,2495,5600,74.03030303030303
Cairo,3,Jane Smith,Eurofighter Typhoon,485.00911326512215,Clear,6,2495,5600,69.03030303030303
Cairo,3,Michael Johnson,Eurofighter Typhoon,485.00911326512215,Clear,7,2495,5600,71.53030303030303
Cairo,3,Emily Davis,Eurofighter Typhoon,485.00911326512215,Clear,9,2495,5600,76.53030303030303
Cairo,3,Robert Brown,Eurofighter Typhoon,485.00911326512215,Clear,5,2495,5600,66.53030303030303
Cairo,3,Sarah Wilson,Eurofighter Typhoon,485.00911326512215,Clear,8,2495,5600,74.03030303030303
Cairo,3,David Lee,Eurofighter Typhoon,485.00911326512215,Clear,6,2495,5600,69.03030303030303
Cairo,3,Chris Walker,Eurofighter Typhoon,485.00911326512215,Clear,7,2495,5600,71.53030303030303
Cairo,3,Jessica Miller,Eurofighter Typhoon,485.00911326512215,Clear,10,2495,5600,79.03030303030303
Cairo,3,Daniel Harris,Eurofighter Typhoon,485.00911326512215,Clear,4,2495,5600,64.03030303030303
Cairo,3,John Doe,Rafale,485.00911326512215,Clear,8,2130,4700,74.03030303030303
Cairo,3,Jane Smith,Rafale,485.00911326512215,Clear,6,2130,4700,69.03030303030303
Cairo,3,Michael Johnson,Rafale,485.00911326512215,Clear,7,2130,4700,71.53030303030303
Cairo,3,Emily Davis,Rafale,485.00911326512215,Clear,9,2130,4700,76.53030303030303
Cairo,3,Robert Brown,Rafale,485.00911326512215,Clear,5,2130,4700,66.53030303030303
Cairo,3,Sarah Wilson,Rafale,485.00911326512215,Clear,8,2130,4700,74.03030303030303
Cairo,3,David Lee,Rafale,485.00911326512215,Clear,6,2130,4700,69.03030303030303
Cairo,3,Chris Walker,Rafale,485.00911326512215,Clear,7,2130,4700,71.53030303030303
Cairo,3,Jessica Miller,Rafale,485.00911326512215,Clear,10,2130,4700,79.03030303030303
Cairo,3,Daniel Harris,Rafale,485.00911326512215,Clear,4,2130,4700,64.03030303030303
Cairo,3,John Doe,F/A-18,485.00911326512215,Clear,8,1915,4900,74.03030303030303
Cairo,3,Jane Smith,F/A-18,485.00911326512215,Clear,6,1915,4900,69.03030303030303
Cairo,3,Michael Johnson,F/A-18,485.00911326512215,Clear,7,1915,4900,71.53030303030303
Cairo,3,Emily Davis,F/A-18,485.00911326512215,Clear,9,1915,4900,76.53030303030303
Cairo,3,Robert Brown,F/A-18,485.00911326512215,Clear,5,1915,4900,66.53030303030303
Cairo,3,Sarah Wilson,F/A-18,485.00911326512215,Clear,8,1915,4900,74.03030303030303
Cairo,3,David Lee,F/A-18,485.00911326512215,Clear,6,1915,4900,69.03030303030303
Cairo,3,Chris Walker,F/A-18,485.00911326512215,Clear,7,1915,4900,71.53030303030303
Cairo,3,Jessica Miller,F/A-18,485.00911326512215,Clear,10,1915,4900,79.03030303030303
Cairo,3,Daniel Harris,F/A-18,485.00911326512215,Clear,4,1915,4900,64.03030303030303
Beirut,3,John Doe,F-16,141.19785477526014,Rain,8,2400,5000,61.08181818181818
Beirut,3,Jane Smith,F-16,141.19785477526014,Rain,6,2400,5000,56.08181818181818
Beirut,3,Michael Johnson,F-16,141.19785477526014,Rain,7,2400,5000,58.58181818181818
Beirut,3,Emily Davis,F-16,141.19785477526014,Rain,9,2400,5000,63.58181818181818
Beirut,3,Robert Brown,F-16,141.19785477526014,Rain,5,2400,5000,53.58181818181818
Beirut,3,Sarah Wilson,F-16,141.19785477526014,Rain,8,2400,5000,61.08181818181818
Beirut,3,David Lee,F-16,141.19785477526014,Rain,6,2400,5000,56.08181818181818
Beirut,3,Chris Walker,F-16,141.19785477526014,Rain,7,2400,5000,58.58181818181818
Beirut,3,Jessica Miller,F-16,141.19785477526014,Rain,10,2400,5000,66.08181818181818
Beirut,3,Daniel Harris,F-16,141.19785477526014,Rain,4,2400,5000,51.08181818181818
Beirut,3,John Doe,F-35,141.19785477526014,Rain,8,3000,6000,61.08181818181818
Beirut,3,Jane Smith,F-35,141.19785477526014,Rain,6,3000,6000,56.08181818181818
Beirut,3,Michael Johnson,F-35,141.19785477526014,Rain,7,3000,6000,58.58181818181818
Beirut,3,Emily Davis,F-35,141.19785477526014,Rain,9,3000,6000,63.58181818181818
Beirut,3,Robert Brown,F-35,141.19785477526014,Rain,5,3000,6000,53.58181818181818
Beirut,3,Sarah Wilson,F-35,141.19785477526014,Rain,8,3000,6000,61.08181818181818
Beirut,3,David Lee,F-35,141.19785477526014,Rain,6,3000,6000,56.08181818181818
Beirut,3,Chris Walker,F-35,141.19785477526014,Rain,7,3000,6000,58.58181818181818
Beirut,3,Jessica Miller,F-35,141.19785477526014,Rain,10,3000,6000,66.08181818181818
Beirut,3,Daniel Harris,F-35,141.19785477526014,Rain,4,3000,6000,51.08181818181818
Beirut,3,John Doe,MiG-29,141.19785477526014,Rain,8,2450,4500,61.08181818181818
Beirut,3,Jane Smith,MiG-29,141.19785477526014,Rain,6,2450,4500,56.08181818181818
Beirut,3,Michael Johnson,MiG-29,141.19785477526014,Rain,7,2450,4500,58.58181818181818
Beirut,3,Emily Davis,MiG-29,141.19785477526014,Rain,9,2450,4500,63.58181818181818
Beirut,3,Robert Brown,MiG-29,141.19785477526014,Rain,5,2450,4500,53.58181818181818
Beirut,3,Sarah Wilson,MiG-29,141.19785477526014,Rain,8,2450,4500,61.08181818181818
Beirut,3,David Lee,MiG-29,141.19785477526014,Rain,6,2450,4500,56.08181818181818
Beirut,3,Chris Walker,MiG-29,141.19785477526014,Rain,7,2450,4500,58.58181818181818
Beirut,3,Jessica Miller,MiG-29,141.19785477526014,Rain,10,2450,4500,66.08181818181818
Beirut,3,Daniel Harris,MiG-29,141.19785477526014,Rain,4,2450,4500,51.08181818181818
Beirut,3,John Doe,Su-27,141.19785477526014,Rain,8,2500,5200,61.08181818181818
Beirut,3,Jane Smith,Su-27,141.19785477526014,Rain,6,2500,5200,56.08181818181818
Beirut,3,Michael Johnson,Su-27,141.19785477526014,Rain,7,2500,5200,58.58181818181818
Beirut,3,Emily Davis,Su-27,141.19785477526014,Rain,9,2500,5200,63.58181818181818
Beirut,3,Robert Brown,Su-27,141.19785477526014,Rain,5,2500,5200,53.58181818181818
Beirut,3,Sarah Wilson,Su-27,141.19785477526014,Rain,8,2500,5200,61.08181818181818
Beirut,3,David Lee,Su-27,141.19785477526014,Rain,6,2500,5200,56.08181818181818
Beirut,3,Chris Walker,Su-27,141.19785477526014,Rain,7,2500,5200,58.58181818181818
Beirut,3,Jessica Miller,Su-27,141.19785477526014,Rain,10,2500,5200,66.08181818181818
Beirut,3,Daniel Harris,Su-27,141.19785477526014,Rain,4,2500,5200,51.08181818181818
Beirut,3,John Doe,Eurofighter Typhoon,141.19785477526014,Rain,8,2495,5600,61.08181818181818
Beirut,3,Jane Smith,Eurofighter Typhoon,141.19785477526014,Rain,6,2495,5600,56.08181818181818
Beirut,3,Michael Johnson,Eurofighter Typhoon,141.19785477526014,Rain,7,2495,5600,58.58181818181818
Beirut,3,Emily Davis,Eurofighter Typhoon,141.19785477526014,Rain,9,2495,5600,63.58181818181818
Beirut,3,Robert Brown,Eurofighter Typhoon,141.19785477526014,Rain,5,2495,5600,53.58181818181818
Beirut,3,Sarah Wilson,Eurofighter Typhoon,141.19785477526014,Rain,8,2495,5600,61.08181818181818
Beirut,3,David Lee,Eurofighter Typhoon,141.19785477526014,Rain,6,2495,5600,56.08181818181818
Beirut,3,Chris Walker,Eurofighter Typhoon,141.19785477526014,Rain,7,2495,5600,58.58181818181818
Beirut,3,Jessica Miller,Eurofighter Typhoon,141.19785477526014,Rain,10,2495,5600,66.08181818181818
Beirut,3,Daniel Harris,Eurofighter Typhoon,141.19785477526014,Rain,4,2495,5600,51.08181818181818
Beirut,3,John Doe,Rafale,141.19785477526014,Rain,8,2130,4700,61.08181818181818
Beirut,3,Jane Smith,Rafale,141.19785477526014,Rain,6,2130,4700,56.08181818181818
Beirut,3,Michael Johnson,Rafale,141.19785477526014,Rain,7,2130,4700,58.58181818181818
Beirut,3,Emily Davis,Rafale,141.19785477526014,Rain,9,2130,4700,63.58181818181818
Beirut,3,Robert Brown,Rafale,141.19785477526014,Rain,5,2130,4700,53.58181818181818
Beirut,3,Sarah Wilson,Rafale,141.19785477526014,Rain,8,2130,4700,61.08181818181818
Beirut,3,David Lee,Rafale,141.19785477526014,Rain,6,2130,4700,56.08181818181818
Beirut,3,Chris Walker,Rafale,141.19785477526014,Rain,7,2130,4700,58.58181818181818
Beirut,3,Jessica Miller,Rafale,141.19785477526014,Rain,10,2130,4700,66.08181818181818
Beirut,3,Daniel Harris,Rafale,141.19785477526014,Rain,4,2130,4700,51.08181818181818
Beirut,3,John Doe,F/A-18,141.19785477526014,Rain,8,1915,4900,61.08181818181818
Beirut,3,Jane Smith,F/A-18,141.19785477526014,Rain,6,1915,4900,56.08181818181818
Beirut,3,Michael Johnson,F/A-18,141.19785477526014,Rain,7,1915,4900,58.58181818181818
Beirut,3,Emily Davis,F/A-18,141.19785477526014,Rain,9,1915,4900,63.58181818181818
Beirut,3,Robert Brown,F/A-18,141.19785477526014,Rain,5,1915,4900,53.58181818181818
Beirut,3,Sarah Wilson,F/A-18,141.19785477526014,Rain,8,1915,4900,61.08181818181818
Beirut,3,David Lee,F/A-18,141.19785477526014,Rain,6,1915,4900,56.08181818181818
Beirut,3,Chris Walker,F/A-18,141.19785477526014,Rain,7,1915,4900,58.58181818181818
Beirut,3,Jessica Miller,F/A-18,141.19785477526014,Rain,10,1915,4900,66.08181818181818
Beirut,3,Daniel Harris,F/A-18,141.19785477526014,Rain,4,1915,4900,51.08181818181818
Amman,3,John Doe,F-16,92.87220613061896,Clear,8,2400,5000,73.41090909090909
Amman,3,Jane Smith,F-16,92.87220613061896,Clear,6,2400,5000,68.41090909090909
Amman,3,Michael Johnson,F-16,92.87220613061896,Clear,7,2400,5000,70.91090909090909
Amman,3,Emily Davis,F-16,92.87220613061896,Clear,9,2400,5000,75.91090909090909
Amman,3,Robert Brown,F-16,92.87220613061896,Clear,5,2400,5000,65.91090909090909
Amman,3,Sarah Wilson,F-16,92.87220613061896,Clear,8,2400,5000,73.41090909090909
Amman,3,David Lee,F-16,92.87220613061896,Clear,6,2400,5000,68.41090909090909
Amman,3,Chris Walker,F-16,92.87220613061896,Clear,7,2400,5000,70.91090909090909
Amman,3,Jessica Miller,F-16,92.87220613061896,Clear,10,2400,5000,78.41090909090909
Amman,3,Daniel Harris,F-16,92.87220613061896,Clear,4,2400,5000,63.410909090909094
Amman,3,John Doe,F-35,92.87220613061896,Clear,8,3000,6000,73.41090909090909
Amman,3,Jane Smith,F-35,92.87220613061896,Clear,6,3000,6000,68.41090909090909
Amman,3,Michael Johnson,F-35,92.87220613061896,Clear,7,3000,6000,70.91090909090909
Amman,3,Emily Davis,F-35,92.87220613061896,Clear,9,3000,6000,75.91090909090909
Amman,3,Robert Brown,F-35,92.87220613061896,Clear,5,3000,6000,65.91090909090909
Amman,3,Sarah Wilson,F-35,92.87220613061896,Clear,8,3000,6000,73.41090909090909
Amman,3,David Lee,F-35,92.87220613061896,Clear,6,3000,6000,68.41090909090909
Amman,3,Chris Walker,F-35,92.87220613061896,Clear,7,3000,6000,70.91090909090909
Amman,3,Jessica Miller,F-35,92.87220613061896,Clear,10,3000,6000,78.41090909090909
Amman,3,Daniel Harris,F-35,92.87220613061896,Clear,4,3000,6000,63.410909090909094
Amman,3,John Doe,MiG-29,92.87220613061896,Clear,8,2450,4500,73.41090909090909
Amman,3,Jane Smith,MiG-29,92.87220613061896,Clear,6,2450,4500,68.41090909090909
Amman,3,Michael Johnson,MiG-29,92.87220613061896,Clear,7,2450,4500,70.91090909090909
Amman,3,Emily Davis,MiG-29,92.87220613061896,Clear,9,2450,4500,75.91090909090909
Amman,3,Robert Brown,MiG-29,92.87220613061896,Clear,5,2450,4500,65.91090909090909
Amman,3,Sarah Wilson,MiG-29,92.87220613061896,Clear,8,2450,4500,73.41090909090909
Amman,3,David Lee,MiG-29,92.87220613061896,Clear,6,2450,4500,68.41090909090909
Amman,3,Chris Walker,MiG-29,92.87220613061896,Clear,7,2450,4500,70.91090909090909
Amman,3,Jessica Miller,MiG-29,92.87220613061896,Clear,10,2450,4500,78.41090909090909
Amman,3,Daniel Harris,MiG-29,92.87220613061896,Clear,4,2450,4500,63.410909090909094
Amman,3,John Doe,Su-27,92.87220613061896,Clear,8,2500,5200,73.41090909090909
Amman,3,Jane Smith,Su-27,92.87220613061896,Clear,6,2500,5200,68.41090909090909
Amman,3,Michael Johnson,Su-27,92.87220613061896,Clear,7,2500,5200,70.91090909090909
Amman,3,Emily Davis,Su-27,92.87220613061896,Clear,9,2500,5200,75.91090909090909
Amman,3,Robert Brown,Su-27,92.87220613061896,Clear,5,2500,5200,65.91090909090909
Amman,3,Sarah Wilson,Su-27,92.87220613061896,Clear,8,2500,5200,73.41090909090909
Amman,3,David Lee,Su-27,92.87220613061896,Clear,6,2500,5200,68.41090909090909
Amman,3,Chris Walker,Su-27,92.87220613061896,Clear,7,2500,5200,70.91090909090909
Amman,3,Jessica Miller,Su-27,92.87220613061896,Clear,10,2500,5200,78.41090909090909
Amman,3,Daniel Harris,Su-27,92.87220613061896,Clear,4,2500,5200,63.410909090909094
Amman,3,John Doe,Eurofighter Typhoon,92.87220613061896,Clear,8,2495,5600,73.41090909090909
Amman,3,Jane Smith,Eurofighter Typhoon,92.87220613061896,Clear,6,2495,5600,68.41090909090909
Amman,3,Michael Johnson,Eurofighter Typhoon,92.87220613061896,Clear,7,2495,5600,70.91090909090909
Amman,3,Emily Davis,Eurofighter Typhoon,92.87220613061896,Clear,9,2495,5600,75.91090909090909
Amman,3,Robert Brown,Eurofighter Typhoon,92.87220613061896,Clear,5,2495,5600,65.91090909090909
Amman,3,Sarah Wilson,Eurofighter Typhoon,92.87220613061896,Clear,8,2495,5600,73.41090909090909
Amman,3,David Lee,Eurofighter Typhoon,92.87220613061896,Clear,6,2495,5600,68.41090909090909
Amman,3,Chris Walker,Eurofighter Typhoon,92.87220613061896,Clear,7,2495,5600,70.91090909090909
Amman,3,Jessica Miller,Eurofighter Typhoon,92.87220613061896,Clear,10,2495,5600,78.41090909090909
Amman,3,Daniel Harris,Eurofighter Typhoon,92.87220613061896,Clear,4,2495,5600,63.410909090909094
Amman,3,John Doe,Rafale,92.87220613061896,Clear,8,2130,4700,73.41090909090909
Amman,3,Jane Smith,Rafale,92.87220613061896,Clear,6,2130,4700,68.41090909090909
Amman,3,Michael Johnson,Rafale,92.87220613061896,Clear,7,2130,4700,70.91090909090909
Amman,3,Emily Davis,Rafale,92.87220613061896,Clear,9,2130,4700,75.91090909090909
Amman,3,Robert Brown,Rafale,92.87220613061896,Clear,5,2130,4700,65.91090909090909
Amman,3,Sarah Wilson,Rafale,92.87220613061896,Clear,8,2130,4700,73.41090909090909
Amman,3,David Lee,Rafale,92.87220613061896,Clear,6,2130,4700,68.41090909090909
Amman,3,Chris Walker,Rafale,92.87220613061896,Clear,7,2130,4700,70.91090909090909
Amman,3,Jessica Miller,Rafale,92.87220613061896,Clear,10,2130,4700,78.41090909090909
Amman,3,Daniel Harris,Rafale,92.87220613061896,Clear,4,2130,4700,63.410909090909094
Amman,3,John Doe,F/A-18,92.87220613061896,Clear,8,1915,4900,73.41090909090909
Amman,3,Jane Smith,F/A-18,92.87220613061896,Clear,6,1915,4900,68.41090909090909
Amman,3,Michael Johnson,F/A-18,92.87220613061896,Clear,7,1915,4900,70.91090909090909
Amman,3,Emily Davis,F/A-18,92.87220613061896,Clear,9,1915,4900,75.91090909090909
Amman,3,Robert Brown,F/A-18,92.87220613061896,Clear,5,1915,4900,65.91090909090909
Amman,3,Sarah Wilson,F/A-18,92.87220613061896,Clear,8,1915,4900,73.41090909090909
Amman,3,David Lee,F/A-18,92.87220613061896,Clear,6,1915,4900,68.41090909090909
Amman,3,Chris Walker,F/A-18,92.87220613061896,Clear,7,1915,4900,70.91090909090909
Amman,3,Jessica Miller,F/A-18,92.87220613061896,Clear,10,1915,4900,78.41090909090909
Amman,3,Daniel Harris,F/A-18,92.87220613061896,Clear,4,1915,4900,63.410909090909094
Tripoli,2,John Doe,F-16,2069.4846772475275,Rain,8,2400,5000,55.25
Tripoli,2,Jane Smith,F-16,2069.4846772475275,Rain,6,2400,5000,50.25
Tripoli,2,Michael Johnson,F-16,2069.4846772475275,Rain,7,2400,5000,52.75
Tripoli,2,Emily Davis,F-16,2069.4846772475275,Rain,9,2400,5000,57.75
Tripoli,2,Robert Brown,F-16,2069.4846772475275,Rain,5,2400,5000,47.75
Tripoli,2,Sarah Wilson,F-16,2069.4846772475275,Rain,8,2400,5000,55.25
Tripoli,2,David Lee,F-16,2069.4846772475275,Rain,6,2400,5000,50.25
Tripoli,2,Chris Walker,F-16,2069.4846772475275,Rain,7,2400,5000,52.75
Tripoli,2,Jessica Miller,F-16,2069.4846772475275,Rain,10,2400,5000,60.25
Tripoli,2,Daniel Harris,F-16,2069.4846772475275,Rain,4,2400,5000,45.25
Tripoli,2,John Doe,F-35,2069.4846772475275,Rain,8,3000,6000,55.25
Tripoli,2,Jane Smith,F-35,2069.4846772475275,Rain,6,3000,6000,50.25
Tripoli,2,Michael Johnson,F-35,2069.4846772475275,Rain,7,3000,6000,52.75
Tripoli,2,Emily Davis,F-35,2069.4846772475275,Rain,9,3000,6000,57.75
Tripoli,2,Robert Brown,F-35,2069.4846772475275,Rain,5,3000,6000,47.75
Tripoli,2,Sarah Wilson,F-35,2069.4846772475275,Rain,8,3000,6000,55.25
Tripoli,2,David Lee,F-35,2069.4846772475275,Rain,6,3000,6000,50.25
Tripoli,2,Chris Walker,F-35,2069.4846772475275,Rain,7,3000,6000,52.75
Tripoli,2,Jessica Miller,F-35,2069.4846772475275,Rain,10,3000,6000,60.25
Tripoli,2,Daniel Harris,F-35,2069.4846772475275,Rain,4,3000,6000,45.25
Tripoli,2,John Doe,MiG-29,2069.4846772475275,Rain,8,2450,4500,55.25
Tripoli,2,Jane Smith,MiG-29,2069.4846772475275,Rain,6,2450,4500,50.25
Tripoli,2,Michael Johnson,MiG-29,2069.4846772475275,Rain,7,2450,4500,52.75
Tripoli,2,Emily Davis,MiG-29,2069.4846772475275,Rain,9,2450,4500,57.75
Tripoli,2,Robert Brown,MiG-29,2069.4846772475275,Rain,5,2450,4500,47.75
Tripoli,2,Sarah Wilson,MiG-29,2069.4846772475275,Rain,8,2450,4500,55.25
Tripoli,2,David Lee,MiG-29,2069.4846772475275,Rain,6,2450,4500,50.25
Tripoli,2,Chris Walker,MiG-29,2069.4846772475275,Rain,7,2450,4500,52.75
Tripoli,2,Jessica Miller,MiG-29,2069.4846772475275,Rain,10,2450,4500,60.25
Tripoli,2,Daniel Harris,MiG-29,2069.4846772475275,Rain,4,2450,4500,45.25
Tripoli,2,John Doe,Su-27,2069.4846772475275,Rain,8,2500,5200,55.25
Tripoli,2,Jane Smith,Su-27,2069.4846772475275,Rain,6,2500,5200,50.25
Tripoli,2,Michael Johnson,Su-27,2069.4846772475275,Rain,7,2500,5200,52.75
Tripoli,2,Emily Davis,Su-27,2069.4846772475275,Rain,9,2500,5200,57.75
Tripoli,2,Robert Brown,Su-27,2069.4846772475275,Rain,5,2500,5200,47.75
Tripoli,2,Sarah Wilson,Su-27,2069.4846772475275,Rain,8,2500,5200,55.25
Tripoli,2,David Lee,Su-27,2069.4846772475275,Rain,6,2500,5200,50.25
Tripoli,2,Chris Walker,Su-27,2069.4846772475275,Rain,7,2500,5200,52.75
Tripoli,2,Jessica Miller,Su-27,2069.4846772475275,Rain,10,2500,5200,60.25
Tripoli,2,Daniel Harris,Su-27,2069.4846772475275,Rain,4,2500,5200,45.25
Tripoli,2,John Doe,Eurofighter Typhoon,2069.4846772475275,Rain,8,2495,5600,55.25
Tripoli,2,Jane Smith,Eurofighter Typhoon,2069.4846772475275,Rain,6,2495,5600,50.25
Tripoli,2,Michael Johnson,Eurofighter Typhoon,2069.4846772475275,Rain,7,2495,5600,52.75
Tripoli,2,Emily Davis,Eurofighter Typhoon,2069.4846772475275,Rain,9,2495,5600,57.75
Tripoli,2,Robert Brown,Eurofighter Typhoon,2069.4846772475275,Rain,5,2495,5600,47.75
Tripoli,2,Sarah Wilson,Eurofighter Typhoon,2069.4846772475275,Rain,8,2495,5600,55.25
Tripoli,2,David Lee,Eurofighter Typhoon,2069.4846772475275,Rain,6,2495,5600,50.25
Tripoli,2,Chris Walker,Eurofighter Typhoon,2069.4846772475275,Rain,7,2495,5600,52.75
Tripoli,2,Jessica Miller,Eurofighter Typhoon,2069.4846772475275,Rain,10,2495,5600,60.25
Tripoli,2,Daniel Harris,Eurofighter Typhoon,2069.4846772475275,Rain,4,2495,5600,45.25
Tripoli,2,John Doe,Rafale,2069.4846772475275,Rain,8,2130,4700,55.25
Tripoli,2,Jane Smith,Rafale,2069.4846772475275,Rain,6,2130,4700,50.25
Tripoli,2,Michael Johnson,Rafale,2069.4846772475275,Rain,7,2130,4700,52.75
Tripoli,2,Emily Davis,Rafale,2069.4846772475275,Rain,9,2130,4700,57.75
Tripoli,2,Robert Brown,Rafale,2069.4846772475275,Rain,5,2130,4700,47.75
Tripoli,2,Sarah Wilson,Rafale,2069.4846772475275,Rain,8,2130,4700,55.25
Tripoli,2,David Lee,Rafale,2069.4846772475275,Rain,6,2130,4700,50.25
Tripoli,2,Chris Walker,Rafale,2069.4846772475275,Rain,7,2130,4700,52.75
Tripoli,2,Jessica Miller,Rafale,2069.4846772475275,Rain,10,2130,4700,60.25
Tripoli,2,Daniel Harris,Rafale,2069.4846772475275,Rain,4,2130,4700,45.25
Tripoli,2,John Doe,F/A-18,2069.4846772475275,Rain,8,1915,4900,55.25
Tripoli,2,Jane Smith,F/A-18,2069.4846772475275,Rain,6,1915,4900,50.25
Tripoli,2,Michael Johnson,F/A-18,2069.4846772475275,Rain,7,1915,4900,52.75
Tripoli,2,Emily Davis,F/A-18,2069.4846772475275,Rain,9,1915,4900,57.75
Tripoli,2,Robert Brown,F/A-18,2069.4846772475275,Rain,5,1915,4900,47.75
Tripoli,2,Sarah Wilson,F/A-18,2069.4846772475275,Rain,8,1915,4900,55.25
Tripoli,2,David Lee,F/A-18,2069.4846772475275,Rain,6,1915,4900,50.25
Tripoli,2,Chris Walker,F/A-18,2069.4846772475275,Rain,7,1915,4900,52.75
Tripoli,2,Jessica Miller,F/A-18,2069.4846772475275,Rain,10,1915,4900,60.25
Tripoli,2,Daniel Harris,F/A-18,2069.4846772475275,Rain,4,1915,4900,45.25
Khartoum,2,John Doe,F-16,1918.8994192000791,Clouds,8,2400,5000,55.25
Khartoum,2,Jane Smith,F-16,1918.8994192000791,Clouds,6,2400,5000,50.25
Khartoum,2,Michael Johnson,F-16,1918.8994192000791,Clouds,7,2400,5000,52.75
Khartoum,2,Emily Davis,F-16,1918.8994192000791,Clouds,9,2400,5000,57.75
Khartoum,2,Robert Brown,F-16,1918.8994192000791,Clouds,5,2400,5000,47.75
Khartoum,2,Sarah Wilson,F-16,1918.8994192000791,Clouds,8,2400,5000,55.25
Khartoum,2,David Lee,F-16,1918.8994192000791,Clouds,6,2400,5000,50.25
Khartoum,2,Chris Walker,F-16,1918.8994192000791,Clouds,7,2400,5000,52.75
Khartoum,2,Jessica Miller,F-16,1918.8994192000791,Clouds,10,2400,5000,60.25
Khartoum,2,Daniel Harris,F-16,1918.8994192000791,Clouds,4,2400,5000,45.25
Khartoum,2,John Doe,F-35,1918.8994192000791,Clouds,8,3000,6000,55.25
Khartoum,2,Jane Smith,F-35,1918.8994192000791,Clouds,6,3000,6000,50.25
Khartoum,2,Michael Johnson,F-35,1918.8994192000791,Clouds,7,3000,6000,52.75
Khartoum,2,Emily Davis,F-35,1918.8994192000791,Clouds,9,3000,6000,57.75
Khartoum,2,Robert Brown,F-35,1918.8994192000791,Clouds,5,3000,6000,47.75
Khartoum,2,Sarah Wilson,F-35,1918.8994192000791,Clouds,8,3000,6000,55.25
Khartoum,2,David Lee,F-35,1918.8994192000791,Clouds,6,3000,6000,50.25
Khartoum,2,Chris Walker,F-35,1918.8994192000791,Clouds,7,3000,6000,52.75
Khartoum,2,Jessica Miller,F-35,1918.8994192000791,Clouds,10,3000,6000,60.25
Khartoum,2,Daniel Harris,F-35,1918.8994192000791,Clouds,4,3000,6000,45.25
Khartoum,2,John Doe,MiG-29,1918.8994192000791,Clouds,8,2450,4500,55.25
Khartoum,2,Jane Smith,MiG-29,1918.8994192000791,Clouds,6,2450,4500,50.25
Khartoum,2,Michael Johnson,MiG-29,1918.8994192000791,Clouds,7,2450,4500,52.75
Khartoum,2,Emily Davis,MiG-29,1918.8994192000791,Clouds,9,2450,4500,57.75
Khartoum,2,Robert Brown,MiG-29,1918.8994192000791,Clouds,5,2450,4500,47.75
Khartoum,2,Sarah Wilson,MiG-29,1918.8994192000791,Clouds,8,2450,4500,55.25
Khartoum,2,David Lee,MiG-29,1918.8994192000791,Clouds,6,2450,4500,50.25
Khartoum,2,Chris Walker,MiG-29,1918.8994192000791,Clouds,7,2450,4500,52.75
Khartoum,2,Jessica Miller,MiG-29,1918.8994192000791,Clouds,10,2450,4500,60.25
Khartoum,2,Daniel Harris,MiG-29,1918.8994192000791,Clouds,4,2450,4500,45.25
Khartoum,2,John Doe,Su-27,1918.8994192000791,Clouds,8,2500,5200,55.25
Khartoum,2,Jane Smith,Su-27,1918.8994192000791,Clouds,6,2500,5200,50.25
Khartoum,2,Michael Johnson,Su-27,1918.8994192000791,Clouds,7,2500,5200,52.75
Khartoum,2,Emily Davis,Su-27,1918.8994192000791,Clouds,9,2500,5200,57.75
Khartoum,2,Robert Brown,Su-27,1918.8994192000791,Clouds,5,2500,5200,47.75
Khartoum,2,Sarah Wilson,Su-27,1918.8994192000791,Clouds,8,2500,5200,55.25
Khartoum,2,David Lee,Su-27,1918.8994192000791,Clouds,6,2500,5200,50.25
Khartoum,2,Chris Walker,Su-27,1918.8994192000791,Clouds,7,2500,5200,52.75
Khartoum,2,Jessica Miller,Su-27,1918.8994192000791,Clouds,10,2500,5200,60.25
Khartoum,2,Daniel Harris,Su-27,1918.8994192000791,Clouds,4,2500,5200,45.25
Khartoum,2,John Doe,Eurofighter Typhoon,1918.8994192000791,Clouds,8,2495,5600,55.25
Khartoum,2,Jane Smith,Eurofighter Typhoon,1918.8994192000791,Clouds,6,2495,5600,50.25
Khartoum,2,Michael Johnson,Eurofighter Typhoon,1918.8994192000791,Clouds,7,2495,5600,52.75
Khartoum,2,Emily Davis,Eurofighter Typhoon,1918.8994192000791,Clouds,9,2495,5600,57.75
Khartoum,2,Robert Brown,Eurofighter Typhoon,1918.8994192000791,Clouds,5,2495,5600,47.75
Khartoum,2,Sarah Wilson,Eurofighter Typhoon,1918.8994192000791,Clouds,8,2495,5600,55.25
Khartoum,2,David Lee,Eurofighter Typhoon,1918.8994192000791,Clouds,6,2495,5600,50.25
Khartoum,2,Chris Walker,Eurofighter Typhoon,1918.8994192000791,Clouds,7,2495,5600,52.75
Khartoum,2,Jessica Miller,Eurofighter Typhoon,1918.8994192000791,Clouds,10,2495,5600,60.25
Khartoum,2,Daniel Harris,Eurofighter Typhoon,1918.8994192000791,Clouds,4,2495,5600,45.25
Khartoum,2,John Doe,Rafale,1918.8994192000791,Clouds,8,2130,4700,55.25
Khartoum,2,Jane Smith,Rafale,1918.8994192000791,Clouds,6,2130,4700,50.25
Khartoum,2,Michael Johnson,Rafale,1918.8994192000791,Clouds,7,2130,4700,52.75
Khartoum,2,Emily Davis,Rafale,1918.8994192000791,Clouds,9,2130,4700,57.75
Khartoum,2,Robert Brown,Rafale,1918.8994192000791,Clouds,5,2130,4700,47.75
Khartoum,2,Sarah Wilson,Rafale,1918.8994192000791,Clouds,8,2130,4700,55.25
Khartoum,2,David Lee,Rafale,1918.8994192000791,Clouds,6,2130,4700,50.25
Khartoum,2,Chris Walker,Rafale,1918.8994192000791,Clouds,7,2130,4700,52.75
Khartoum,2,Jessica Miller,Rafale,1918.8994192000791,Clouds,10,2130,4700,60.25
Khartoum,2,Daniel Harris,Rafale,1918.8994192000791,Clouds,4,2130,4700,45.25
Khartoum,2,John Doe,F/A-18,1918.8994192000791,Clouds,8,1915,4900,55.25
Khartoum,2,Jane Smith,F/A-18,1918.8994192000791,Clouds,6,1915,4900,50.25
Khartoum,2,Michael Johnson,F/A-18,1918.8994192000791,Clouds,7,1915,4900,52.75
Khartoum,2,Emily Davis,F/A-18,1918.8994192000791,Clouds,9,1915,4900,57.75
Khartoum,2,Robert Brown,F/A-18,1918.8994192000791,Clouds,5,1915,4900,47.75
Khartoum,2,Sarah Wilson,F/A-18,1918.8994192000791,Clouds,8,1915,4900,55.25
Khartoum,2,David Lee,F/A-18,1918.8994192000791,Clouds,6,1915,4900,50.25
Khartoum,2,Chris Walker,F/A-18,1918.8994192000791,Clouds,7,1915,4900,52.75
Khartoum,2,Jessica Miller,F/A-18,1918.8994192000791,Clouds,10,1915,4900,60.25
Khartoum,2,Daniel Harris,F/A-18,1918.8994192000791,Clouds,4,1915,4900,45.25
Mosul,2,John Doe,F-16,823.4573102041362,Clear,8,2400,5000,64.93939393939394
Mosul,2,Jane Smith,F-16,823.4573102041362,Clear,6,2400,5000,59.93939393939394
Mosul,2,Michael Johnson,F-16,823.4573102041362,Clear,7,2400,5000,62.43939393939394
Mosul,2,Emily Davis,F-16,823.4573102041362,Clear,9,2400,5000,67.43939393939394
Mosul,2,Robert Brown,F-16,823.4573102041362,Clear,5,2400,5000,57.43939393939394
Mosul,2,Sarah Wilson,F-16,823.4573102041362,Clear,8,2400,5000,64.93939393939394
Mosul,2,David Lee,F-16,823.4573102041362,Clear,6,2400,5000,59.93939393939394
Mosul,2,Chris Walker,F-16,823.4573102041362,Clear,7,2400,5000,62.43939393939394
Mosul,2,Jessica Miller,F-16,823.4573102041362,Clear,10,2400,5000,69.93939393939394
Mosul,2,Daniel Harris,F-16,823.4573102041362,Clear,4,2400,5000,54.93939393939394
Mosul,2,John Doe,F-35,823.4573102041362,Clear,8,3000,6000,64.93939393939394
Mosul,2,Jane Smith,F-35,823.4573102041362,Clear,6,3000,6000,59.93939393939394
Mosul,2,Michael Johnson,F-35,823.4573102041362,Clear,7,3000,6000,62.43939393939394
Mosul,2,Emily Davis,F-35,823.4573102041362,Clear,9,3000,6000,67.43939393939394
Mosul,2,Robert Brown,F-35,823.4573102041362,Clear,5,3000,6000,57.43939393939394
Mosul,2,Sarah Wilson,F-35,823.4573102041362,Clear,8,3000,6000,64.93939393939394
Mosul,2,David Lee,F-35,823.4573102041362,Clear,6,3000,6000,59.93939393939394
Mosul,2,Chris Walker,F-35,823.4573102041362,Clear,7,3000,6000,62.43939393939394
Mosul,2,Jessica Miller,F-35,823.4573102041362,Clear,10,3000,6000,69.93939393939394
Mosul,2,Daniel Harris,F-35,823.4573102041362,Clear,4,3000,6000,54.93939393939394
Mosul,2,John Doe,MiG-29,823.4573102041362,Clear,8,2450,4500,64.93939393939394
Mosul,2,Jane Smith,MiG-29,823.4573102041362,Clear,6,2450,4500,59.93939393939394
Mosul,2,Michael Johnson,MiG-29,823.4573102041362,Clear,7,2450,4500,62.43939393939394
Mosul,2,Emily Davis,MiG-29,823.4573102041362,Clear,9,2450,4500,67.43939393939394
Mosul,2,Robert Brown,MiG-29,823.4573102041362,Clear,5,2450,4500,57.43939393939394
Mosul,2,Sarah Wilson,MiG-29,823.4573102041362,Clear,8,2450,4500,64.93939393939394
Mosul,2,David Lee,MiG-29,823.4573102041362,Clear,6,2450,4500,59.93939393939394
Mosul,2,Chris Walker,MiG-29,823.4573102041362,Clear,7,2450,4500,62.43939393939394
Mosul,2,Jessica Miller,MiG-29,823.4573102041362,Clear,10,2450,4500,69.93939393939394
Mosul,2,Daniel Harris,MiG-29,823.4573102041362,Clear,4,2450,4500,54.93939393939394
Mosul,2,John Doe,Su-27,823.4573102041362,Clear,8,2500,5200,64.93939393939394
Mosul,2,Jane Smith,Su-27,823.4573102041362,Clear,6,2500,5200,59.93939393939394
Mosul,2,Michael Johnson,Su-27,823.4573102041362,Clear,7,2500,5200,62.43939393939394
Mosul,2,Emily Davis,Su-27,823.4573102041362,Clear,9,2500,5200,67.43939393939394
Mosul,2,Robert Brown,Su-27,823.4573102041362,Clear,5,2500,5200,57.43939393939394
Mosul,2,Sarah Wilson,Su-27,823.4573102041362,Clear,8,2500,5200,64.93939393939394
Mosul,2,David Lee,Su-27,823.4573102041362,Clear,6,2500,5200,59.93939393939394
Mosul,2,Chris Walker,Su-27,823.4573102041362,Clear,7,2500,5200,62.43939393939394
Mosul,2,Jessica Miller,Su-27,823.4573102041362,Clear,10,2500,5200,69.93939393939394
Mosul,2,Daniel Harris,Su-27,823.4573102041362,Clear,4,2500,5200,54.93939393939394
Mosul,2,John Doe,Eurofighter Typhoon,823.4573102041362,Clear,8,2495,5600,64.93939393939394
Mosul,2,Jane Smith,Eurofighter Typhoon,823.4573102041362,Clear,6,2495,5600,59.93939393939394
Mosul,2,Michael Johnson,Eurofighter Typhoon,823.4573102041362,Clear,7,2495,5600,62.43939393939394
Mosul,2,Emily Davis,Eurofighter Typhoon,823.4573102041362,Clear,9,2495,5600,67.43939393939394
Mosul,2,Robert Brown,Eurofighter Typhoon,823.4573102041362,Clear,5,2495,5600,57.43939393939394
Mosul,2,Sarah Wilson,Eurofighter Typhoon,823.4573102041362,Clear,8,2495,5600,64.93939393939394
Mosul,2,David Lee,Eurofighter Typhoon,823.4573102041362,Clear,6,2495,5600,59.93939393939394
Mosul,2,Chris Walker,Eurofighter Typhoon,823.4573102041362,Clear,7,2495,5600,62.43939393939394
Mosul,2,Jessica Miller,Eurofighter Typhoon,823.4573102041362,Clear,10,2495,5600,69.93939393939394
Mosul,2,Daniel Harris,Eurofighter Typhoon,823.4573102041362,Clear,4,2495,5600,54.93939393939394
Mosul,2,John Doe,Rafale,823.4573102041362,Clear,8,2130,4700,64.93939393939394
Mosul,2,Jane Smith,Rafale,823.4573102041362,Clear,6,2130,4700,59.93939393939394
Mosul,2,Michael Johnson,Rafale,823.4573102041362,Clear,7,2130,4700,62.43939393939394
Mosul,2,Emily Davis,Rafale,823.4573102041362,Clear,9,2130,4700,67.43939393939394
Mosul,2,Robert Brown,Rafale,823.4573102041362,Clear,5,2130,4700,57.43939393939394
Mosul,2,Sarah Wilson,Rafale,823.4573102041362,Clear,8,2130,4700,64.93939393939394
Mosul,2,David Lee,Rafale,823.4573102041362,Clear,6,2130,4700,59.93939393939394
Mosul,2,Chris Walker,Rafale,823.4573102041362,Clear,7,2130,4700,62.43939393939394
Mosul,2,Jessica Miller,Rafale,823.4573102041362,Clear,10,2130,4700,69.93939393939394
Mosul,2,Daniel Harris,Rafale,823.4573102041362,Clear,4,2130,4700,54.93939393939394
Mosul,2,John Doe,F/A-18,823.4573102041362,Clear,8,1915,4900,64.93939393939394
Mosul,2,Jane Smith,F/A-18,823.4573102041362,Clear,6,1915,4900,59.93939393939394
Mosul,2,Michael Johnson,F/A-18,823.4573102041362,Clear,7,1915,4900,62.43939393939394
Mosul,2,Emily Davis,F/A-18,823.4573102041362,Clear,9,1915,4900,67.43939393939394
Mosul,2,Robert Brown,F/A-18,823.4573102041362,Clear,5,1915,4900,57.43939393939394
Mosul,2,Sarah Wilson,F/A-18,823.4573102041362,Clear,8,1915,4900,64.93939393939394
Mosul,2,David Lee,F/A-18,823.4573102041362,Clear,6,1915,4900,59.93939393939394
Mosul,2,Chris Walker,F/A-18,823.4573102041362,Clear,7,1915,4900,62.43939393939394
Mosul,2,Jessica Miller,F/A-18,823.4573102041362,Clear,10,1915,4900,69.93939393939394
Mosul,2,Daniel Harris,F/A-18,823.4573102041362,Clear,4,1915,4900,54.93939393939394
Fallujah,1,John Doe,F-16,790.8978936995608,Clear,8,2400,5000,66.33333333333333
Fallujah,1,Jane Smith,F-16,790.8978936995608,Clear,6,2400,5000,61.33333333333333
Fallujah,1,Michael Johnson,F-16,790.8978936995608,Clear,7,2400,5000,63.83333333333333
Fallujah,1,Emily Davis,F-16,790.8978936995608,Clear,9,2400,5000,68.83333333333333
Fallujah,1,Robert Brown,F-16,790.8978936995608,Clear,5,2400,5000,58.83333333333333
Fallujah,1,Sarah Wilson,F-16,790.8978936995608,Clear,8,2400,5000,66.33333333333333
Fallujah,1,David Lee,F-16,790.8978936995608,Clear,6,2400,5000,61.33333333333333
Fallujah,1,Chris Walker,F-16,790.8978936995608,Clear,7,2400,5000,63.83333333333333
Fallujah,1,Jessica Miller,F-16,790.8978936995608,Clear,10,2400,5000,71.33333333333333
Fallujah,1,Daniel Harris,F-16,790.8978936995608,Clear,4,2400,5000,56.33333333333333
Fallujah,1,John Doe,F-35,790.8978936995608,Clear,8,3000,6000,66.33333333333333
Fallujah,1,Jane Smith,F-35,790.8978936995608,Clear,6,3000,6000,61.33333333333333
Fallujah,1,Michael Johnson,F-35,790.8978936995608,Clear,7,3000,6000,63.83333333333333
Fallujah,1,Emily Davis,F-35,790.8978936995608,Clear,9,3000,6000,68.83333333333333
Fallujah,1,Robert Brown,F-35,790.8978936995608,Clear,5,3000,6000,58.83333333333333
Fallujah,1,Sarah Wilson,F-35,790.8978936995608,Clear,8,3000,6000,66.33333333333333
Fallujah,1,David Lee,F-35,790.8978936995608,Clear,6,3000,6000,61.33333333333333
Fallujah,1,Chris Walker,F-35,790.8978936995608,Clear,7,3000,6000,63.83333333333333
Fallujah,1,Jessica Miller,F-35,790.8978936995608,Clear,10,3000,6000,71.33333333333333
Fallujah,1,Daniel Harris,F-35,790.8978936995608,Clear,4,3000,6000,56.33333333333333
Fallujah,1,John Doe,MiG-29,790.8978936995608,Clear,8,2450,4500,66.33333333333333
Fallujah,1,Jane Smith,MiG-29,790.8978936995608,Clear,6,2450,4500,61.33333333333333
Fallujah,1,Michael Johnson,MiG-29,790.8978936995608,Clear,7,2450,4500,63.83333333333333
Fallujah,1,Emily Davis,MiG-29,790.8978936995608,Clear,9,2450,4500,68.83333333333333
Fallujah,1,Robert Brown,MiG-29,790.8978936995608,Clear,5,2450,4500,58.83333333333333
Fallujah,1,Sarah Wilson,MiG-29,790.8978936995608,Clear,8,2450,4500,66.33333333333333
Fallujah,1,David Lee,MiG-29,790.8978936995608,Clear,6,2450,4500,61.33333333333333
Fallujah,1,Chris Walker,MiG-29,790.8978936995608,Clear,7,2450,4500,63.83333333333333
Fallujah,1,Jessica Miller,MiG-29,790.8978936995608,Clear,10,2450,4500,71.33333333333333
Fallujah,1,Daniel Harris,MiG-29,790.8978936995608,Clear,4,2450,4500,56.33333333333333
Fallujah,1,John Doe,Su-27,790.8978936995608,Clear,8,2500,5200,66.33333333333333
Fallujah,1,Jane Smith,Su-27,790.8978936995608,Clear,6,2500,5200,61.33333333333333
Fallujah,1,Michael Johnson,Su-27,790.8978936995608,Clear,7,2500,5200,63.83333333333333
Fallujah,1,Emily Davis,Su-27,790.8978936995608,Clear,9,2500,5200,68.83333333333333
Fallujah,1,Robert Brown,Su-27,790.8978936995608,Clear,5,2500,5200,58.83333333333333
Fallujah,1,Sarah Wilson,Su-27,790.8978936995608,Clear,8,2500,5200,66.33333333333333
Fallujah,1,David Lee,Su-27,790.8978936995608,Clear,6,2500,5200,61.33333333333333
Fallujah,1,Chris Walker,Su-27,790.8978936995608,Clear,7,2500,5200,63.83333333333333
Fallujah,1,Jessica Miller,Su-27,790.8978936995608,Clear,10,2500,5200,71.33333333333333
Fallujah,1,Daniel Harris,Su-27,790.8978936995608,Clear,4,2500,5200,56.33333333333333
Fallujah,1,John Doe,Eurofighter Typhoon,790.8978936995608,Clear,8,2495,5600,66.33333333333333
Fallujah,1,Jane Smith,Eurofighter Typhoon,790.8978936995608,Clear,6,2495,5600,61.33333333333333
Fallujah,1,Michael Johnson,Eurofighter Typhoon,790.8978936995608,Clear,7,2495,5600,63.83333333333333
Fallujah,1,Emily Davis,Eurofighter Typhoon,790.8978936995608,Clear,9,2495,5600,68.83333333333333
Fallujah,1,Robert Brown,Eurofighter Typhoon,790.8978936995608,Clear,5,2495,5600,58.83333333333333
Fallujah,1,Sarah Wilson,Eurofighter Typhoon,790.8978936995608,Clear,8,2495,5600,66.33333333333333
Fallujah,1,David Lee,Eurofighter Typhoon,790.8978936995608,Clear,6,2495,5600,61.33333333333333
Fallujah,1,Chris Walker,Eurofighter Typhoon,790.8978936995608,Clear,7,2495,5600,63.83333333333333
Fallujah,1,Jessica Miller,Eurofighter Typhoon,790.8978936995608,Clear,10,2495,5600,71.33333333333333
Fallujah,1,Daniel Harris,Eurofighter Typhoon,790.8978936995608,Clear,4,2495,5600,56.33333333333333
Fallujah,1,John Doe,Rafale,790.8978936995608,Clear,8,2130,4700,66.33333333333333
Fallujah,1,Jane Smith,Rafale,790.8978936995608,Clear,6,2130,4700,61.33333333333333
Fallujah,1,Michael Johnson,Rafale,790.8978936995608,Clear,7,2130,4700,63.83333333333333
Fallujah,1,Emily Davis,Rafale,790.8978936995608,Clear,9,2130,4700,68.83333333333333
Fallujah,1,Robert Brown,Rafale,790.8978936995608,Clear,5,2130,4700,58.83333333333333
Fallujah,1,Sarah Wilson,Rafale,790.8978936995608,Clear,8,2130,4700,66.33333333333333
Fallujah,1,David Lee,Rafale,790.8978936995608,Clear,6,2130,4700,61.33333333333333
Fallujah,1,Chris Walker,Rafale,790.8978936995608,Clear,7,2130,4700,63.83333333333333
Fallujah,1,Jessica Miller,Rafale,790.8978936995608,Clear,10,2130,4700,71.33333333333333
Fallujah,1,Daniel Harris,Rafale,790.8978936995608,Clear,4,2130,4700,56.33333333333333
Fallujah,1,John Doe,F/A-18,790.8978936995608,Clear,8,1915,4900,66.33333333333333
Fallujah,1,Jane Smith,F/A-18,790.8978936995608,Clear,6,1915,4900,61.33333333333333
Fallujah,1,Michael Johnson,F/A-18,790.8978936995608,Clear,7,1915,4900,63.83333333333333
Fallujah,1,Emily Davis,F/A-18,790.8978936995608,Clear,9,1915,4900,68.83333333333333
Fallujah,1,Robert Brown,F/A-18,790.8978936995608,Clear,5,1915,4900,58.83333333333333
Fallujah,1,Sarah Wilson,F/A-18,790.8978936995608,Clear,8,1915,4900,66.33333333333333
Fallujah,1,David Lee,F/A-18,790.8978936995608,Clear,6,1915,4900,61.33333333333333
Fallujah,1,Chris Walker,F/A-18,790.8978936995608,Clear,7,1915,4900,63.83333333333333
Fallujah,1,Jessica Miller,F/A-18,790.8978936995608,Clear,10,1915,4900,71.33333333333333
Fallujah,1,Daniel Harris,F/A-18,790.8978936995608,Clear,4,1915,4900,56.33333333333333
Kandahar,1,John Doe,F-16,2852.107701855126,Clear,8,2400,5000,69.06060606060606
Kandahar,1,Jane Smith,F-16,2852.107701855126,Clear,6,2400,5000,64.06060606060606
Kandahar,1,Michael Johnson,F-16,2852.107701855126,Clear,7,2400,5000,66.56060606060606
Kandahar,1,Emily Davis,F-16,2852.107701855126,Clear,9,2400,5000,71.56060606060606
Kandahar,1,Robert Brown,F-16,2852.107701855126,Clear,5,2400,5000,61.56060606060606
Kandahar,1,Sarah Wilson,F-16,2852.107701855126,Clear,8,2400,5000,69.06060606060606
Kandahar,1,David Lee,F-16,2852.107701855126,Clear,6,2400,5000,64.06060606060606
Kandahar,1,Chris Walker,F-16,2852.107701855126,Clear,7,2400,5000,66.56060606060606
Kandahar,1,Jessica Miller,F-16,2852.107701855126,Clear,10,2400,5000,74.06060606060606
Kandahar,1,Daniel Harris,F-16,2852.107701855126,Clear,4,2400,5000,59.06060606060606
Kandahar,1,John Doe,F-35,2852.107701855126,Clear,8,3000,6000,69.06060606060606
Kandahar,1,Jane Smith,F-35,2852.107701855126,Clear,6,3000,6000,64.06060606060606
Kandahar,1,Michael Johnson,F-35,2852.107701855126,Clear,7,3000,6000,66.56060606060606
Kandahar,1,Emily Davis,F-35,2852.107701855126,Clear,9,3000,6000,71.56060606060606
Kandahar,1,Robert Brown,F-35,2852.107701855126,Clear,5,3000,6000,61.56060606060606
Kandahar,1,Sarah Wilson,F-35,2852.107701855126,Clear,8,3000,6000,69.06060606060606
Kandahar,1,David Lee,F-35,2852.107701855126,Clear,6,3000,6000,64.06060606060606
Kandahar,1,Chris Walker,F-35,2852.107701855126,Clear,7,3000,6000,66.56060606060606
Kandahar,1,Jessica Miller,F-35,2852.107701855126,Clear,10,3000,6000,74.06060606060606
Kandahar,1,Daniel Harris,F-35,2852.107701855126,Clear,4,3000,6000,59.06060606060606
Kandahar,1,John Doe,MiG-29,2852.107701855126,Clear,8,2450,4500,69.06060606060606
Kandahar,1,Jane Smith,MiG-29,2852.107701855126,Clear,6,2450,4500,64.06060606060606
Kandahar,1,Michael Johnson,MiG-29,2852.107701855126,Clear,7,2450,4500,66.56060606060606
Kandahar,1,Emily Davis,MiG-29,2852.107701855126,Clear,9,2450,4500,71.56060606060606
Kandahar,1,Robert Brown,MiG-29,2852.107701855126,Clear,5,2450,4500,61.56060606060606
Kandahar,1,Sarah Wilson,MiG-29,2852.107701855126,Clear,8,2450,4500,69.06060606060606
Kandahar,1,David Lee,MiG-29,2852.107701855126,Clear,6,2450,4500,64.06060606060606
Kandahar,1,Chris Walker,MiG-29,2852.107701855126,Clear,7,2450,4500,66.56060606060606
Kandahar,1,Jessica Miller,MiG-29,2852.107701855126,Clear,10,2450,4500,74.06060606060606
Kandahar,1,Daniel Harris,MiG-29,2852.107701855126,Clear,4,2450,4500,59.06060606060606
Kandahar,1,John Doe,Su-27,2852.107701855126,Clear,8,2500,5200,69.06060606060606
Kandahar,1,Jane Smith,Su-27,2852.107701855126,Clear,6,2500,5200,64.06060606060606
Kandahar,1,Michael Johnson,Su-27,2852.107701855126,Clear,7,2500,5200,66.56060606060606
Kandahar,1,Emily Davis,Su-27,2852.107701855126,Clear,9,2500,5200,71.56060606060606
Kandahar,1,Robert Brown,Su-27,2852.107701855126,Clear,5,2500,5200,61.56060606060606
Kandahar,1,Sarah Wilson,Su-27,2852.107701855126,Clear,8,2500,5200,69.06060606060606
Kandahar,1,David Lee,Su-27,2852.107701855126,Clear,6,2500,5200,64.06060606060606
Kandahar,1,Chris Walker,Su-27,2852.107701855126,Clear,7,2500,5200,66.56060606060606
Kandahar,1,Jessica Miller,Su-27,2852.107701855126,Clear,10,2500,5200,74.06060606060606
Kandahar,1,Daniel Harris,Su-27,2852.107701855126,Clear,4,2500,5200,59.06060606060606
Kandahar,1,John Doe,Eurofighter Typhoon,2852.107701855126,Clear,8,2495,5600,69.06060606060606
Kandahar,1,Jane Smith,Eurofighter Typhoon,2852.107701855126,Clear,6,2495,5600,64.06060606060606
Kandahar,1,Michael Johnson,Eurofighter Typhoon,2852.107701855126,Clear,7,2495,5600,66.56060606060606
Kandahar,1,Emily Davis,Eurofighter Typhoon,2852.107701855126,Clear,9,2495,5600,71.56060606060606
Kandahar,1,Robert Brown,Eurofighter Typhoon,2852.107701855126,Clear,5,2495,5600,61.56060606060606
Kandahar,1,Sarah Wilson,Eurofighter Typhoon,2852.107701855126,Clear,8,2495,5600,69.06060606060606
Kandahar,1,David Lee,Eurofighter Typhoon,2852.107701855126,Clear,6,2495,5600,64.06060606060606
Kandahar,1,Chris Walker,Eurofighter Typhoon,2852.107701855126,Clear,7,2495,5600,66.56060606060606
Kandahar,1,Jessica Miller,Eurofighter Typhoon,2852.107701855126,Clear,10,2495,5600,74.06060606060606
Kandahar,1,Daniel Harris,Eurofighter Typhoon,2852.107701855126,Clear,4,2495,5600,59.06060606060606
Kandahar,1,John Doe,Rafale,2852.107701855126,Clear,8,2130,4700,69.06060606060606
Kandahar,1,Jane Smith,Rafale,2852.107701855126,Clear,6,2130,4700,64.06060606060606
Kandahar,1,Michael Johnson,Rafale,2852.107701855126,Clear,7,2130,4700,66.56060606060606
Kandahar,1,Emily Davis,Rafale,2852.107701855126,Clear,9,2130,4700,71.56060606060606
Kandahar,1,Robert Brown,Rafale,2852.107701855126,Clear,5,2130,4700,61.56060606060606
Kandahar,1,Sarah Wilson,Rafale,2852.107701855126,Clear,8,2130,4700,69.06060606060606
Kandahar,1,David Lee,Rafale,2852.107701855126,Clear,6,2130,4700,64.06060606060606
Kandahar,1,Chris Walker,Rafale,2852.107701855126,Clear,7,2130,4700,66.56060606060606
Kandahar,1,Jessica Miller,Rafale,2852.107701855126,Clear,10,2130,4700,74.06060606060606
Kandahar,1,Daniel Harris,Rafale,2852.107701855126,Clear,4,2130,4700,59.06060606060606
Kandahar,1,John Doe,F/A-18,2852.107701855126,Clear,8,1915,4900,69.06060606060606
Kandahar,1,Jane Smith,F/A-18,2852.107701855126,Clear,6,1915,4900,64.06060606060606
Kandahar,1,Michael Johnson,F/A-18,2852.107701855126,Clear,7,1915,4900,66.56060606060606
Kandahar,1,Emily Davis,F/A-18,2852.107701855126,Clear,9,1915,4900,71.56060606060606
Kandahar,1,Robert Brown,F/A-18,2852.107701855126,Clear,5,1915,4900,61.56060606060606
Kandahar,1,Sarah Wilson,F/A-18,2852.107701855126,Clear,8,1915,4900,69.06060606060606
Kandahar,1,David Lee,F/A-18,2852.107701855126,Clear,6,1915,4900,64.06060606060606
Kandahar,1,Chris Walker,F/A-18,2852.107701855126,Clear,7,1915,4900,66.56060606060606
Kandahar,1,Jessica Miller,F/A-18,2852.107701855126,Clear,10,1915,4900,74.06060606060606
Kandahar,1,Daniel Harris,F/A-18,2852.107701855126,Clear,4,1915,4900,59.06060606060606
Marrakesh,1,John Doe,F-16,4053.790202366661,Clouds,8,2400,5000,53.50509090909091
Marrakesh,1,Jane Smith,F-16,4053.790202366661,Clouds,6,2400,5000,48.50509090909091
Marrakesh,1,Michael Johnson,F-16,4053.790202366661,Clouds,7,2400,5000,51.00509090909091
Marrakesh,1,Emily Davis,F-16,4053.790202366661,Clouds,9,2400,5000,56.00509090909091
Marrakesh,1,Robert Brown,F-16,4053.790202366661,Clouds,5,2400,5000,46.00509090909091
Marrakesh,1,Sarah Wilson,F-16,4053.790202366661,Clouds,8,2400,5000,53.50509090909091
Marrakesh,1,David Lee,F-16,4053.790202366661,Clouds,6,2400,5000,48.50509090909091
Marrakesh,1,Chris Walker,F-16,4053.790202366661,Clouds,7,2400,5000,51.00509090909091
Marrakesh,1,Jessica Miller,F-16,4053.790202366661,Clouds,10,2400,5000,58.50509090909091
Marrakesh,1,Daniel Harris,F-16,4053.790202366661,Clouds,4,2400,5000,43.50509090909091
Marrakesh,1,John Doe,F-35,4053.790202366661,Clouds,8,3000,6000,53.50509090909091
Marrakesh,1,Jane Smith,F-35,4053.790202366661,Clouds,6,3000,6000,48.50509090909091
Marrakesh,1,Michael Johnson,F-35,4053.790202366661,Clouds,7,3000,6000,51.00509090909091
Marrakesh,1,Emily Davis,F-35,4053.790202366661,Clouds,9,3000,6000,56.00509090909091
Marrakesh,1,Robert Brown,F-35,4053.790202366661,Clouds,5,3000,6000,46.00509090909091
Marrakesh,1,Sarah Wilson,F-35,4053.790202366661,Clouds,8,3000,6000,53.50509090909091
Marrakesh,1,David Lee,F-35,4053.790202366661,Clouds,6,3000,6000,48.50509090909091
Marrakesh,1,Chris Walker,F-35,4053.790202366661,Clouds,7,3000,6000,51.00509090909091
Marrakesh,1,Jessica Miller,F-35,4053.790202366661,Clouds,10,3000,6000,58.50509090909091
Marrakesh,1,Daniel Harris,F-35,4053.790202366661,Clouds,4,3000,6000,43.50509090909091
Marrakesh,1,John Doe,MiG-29,4053.790202366661,Clouds,8,2450,4500,53.50509090909091
Marrakesh,1,Jane Smith,MiG-29,4053.790202366661,Clouds,6,2450,4500,48.50509090909091
Marrakesh,1,Michael Johnson,MiG-29,4053.790202366661,Clouds,7,2450,4500,51.00509090909091
Marrakesh,1,Emily Davis,MiG-29,4053.790202366661,Clouds,9,2450,4500,56.00509090909091
Marrakesh,1,Robert Brown,MiG-29,4053.790202366661,Clouds,5,2450,4500,46.00509090909091
Marrakesh,1,Sarah Wilson,MiG-29,4053.790202366661,Clouds,8,2450,4500,53.50509090909091
Marrakesh,1,David Lee,MiG-29,4053.790202366661,Clouds,6,2450,4500,48.50509090909091
Marrakesh,1,Chris Walker,MiG-29,4053.790202366661,Clouds,7,2450,4500,51.00509090909091
Marrakesh,1,Jessica Miller,MiG-29,4053.790202366661,Clouds,10,2450,4500,58.50509090909091
Marrakesh,1,Daniel Harris,MiG-29,4053.790202366661,Clouds,4,2450,4500,43.50509090909091
Marrakesh,1,John Doe,Su-27,4053.790202366661,Clouds,8,2500,5200,53.50509090909091
Marrakesh,1,Jane Smith,Su-27,4053.790202366661,Clouds,6,2500,5200,48.50509090909091
Marrakesh,1,Michael Johnson,Su-27,4053.790202366661,Clouds,7,2500,5200,51.00509090909091
Marrakesh,1,Emily Davis,Su-27,4053.790202366661,Clouds,9,2500,5200,56.00509090909091
Marrakesh,1,Robert Brown,Su-27,4053.790202366661,Clouds,5,2500,5200,46.00509090909091
Marrakesh,1,Sarah Wilson,Su-27,4053.790202366661,Clouds,8,2500,5200,53.50509090909091
Marrakesh,1,David Lee,Su-27,4053.790202366661,Clouds,6,2500,5200,48.50509090909091
Marrakesh,1,Chris Walker,Su-27,4053.790202366661,Clouds,7,2500,5200,51.00509090909091
Marrakesh,1,Jessica Miller,Su-27,4053.790202366661,Clouds,10,2500,5200,58.50509090909091
Marrakesh,1,Daniel Harris,Su-27,4053.790202366661,Clouds,4,2500,5200,43.50509090909091
Marrakesh,1,John Doe,Eurofighter Typhoon,4053.790202366661,Clouds,8,2495,5600,53.50509090909091
Marrakesh,1,Jane Smith,Eurofighter Typhoon,4053.790202366661,Clouds,6,2495,5600,48.50509090909091
Marrakesh,1,Michael Johnson,Eurofighter Typhoon,4053.790202366661,Clouds,7,2495,5600,51.00509090909091
Marrakesh,1,Emily Davis,Eurofighter Typhoon,4053.790202366661,Clouds,9,2495,5600,56.00509090909091
Marrakesh,1,Robert Brown,Eurofighter Typhoon,4053.790202366661,Clouds,5,2495,5600,46.00509090909091
Marrakesh,1,Sarah Wilson,Eurofighter Typhoon,4053.790202366661,Clouds,8,2495,5600,53.50509090909091
Marrakesh,1,David Lee,Eurofighter Typhoon,4053.790202366661,Clouds,6,2495,5600,48.50509090909091
Marrakesh,1,Chris Walker,Eurofighter Typhoon,4053.790202366661,Clouds,7,2495,5600,51.00509090909091
Marrakesh,1,Jessica Miller,Eurofighter Typhoon,4053.790202366661,Clouds,10,2495,5600,58.50509090909091
Marrakesh,1,Daniel Harris,Eurofighter Typhoon,4053.790202366661,Clouds,4,2495,5600,43.50509090909091
Marrakesh,1,John Doe,Rafale,4053.790202366661,Clouds,8,2130,4700,53.50509090909091
Marrakesh,1,Jane Smith,Rafale,4053.790202366661,Clouds,6,2130,4700,48.50509090909091
Marrakesh,1,Michael Johnson,Rafale,4053.790202366661,Clouds,7,2130,4700,51.00509090909091
Marrakesh,1,Emily Davis,Rafale,4053.790202366661,Clouds,9,2130,4700,56.00509090909091
Marrakesh,1,Robert Brown,Rafale,4053.790202366661,Clouds,5,2130,4700,46.00509090909091
Marrakesh,1,Sarah Wilson,Rafale,4053.790202366661,Clouds,8,2130,4700,53.50509090909091
Marrakesh,1,David Lee,Rafale,4053.790202366661,Clouds,6,2130,4700,48.50509090909091
Marrakesh,1,Chris Walker,Rafale,4053.790202366661,Clouds,7,2130,4700,51.00509090909091
Marrakesh,1,Jessica Miller,Rafale,4053.790202366661,Clouds,10,2130,4700,58.50509090909091
Marrakesh,1,Daniel Harris,Rafale,4053.790202366661,Clouds,4,2130,4700,43.50509090909091
Marrakesh,1,John Doe,F/A-18,4053.790202366661,Clouds,8,1915,4900,53.50509090909091
Marrakesh,1,Jane Smith,F/A-18,4053.790202366661,Clouds,6,1915,4900,48.50509090909091
Marrakesh,1,Michael Johnson,F/A-18,4053.790202366661,Clouds,7,1915,4900,51.00509090909091
Marrakesh,1,Emily Davis,F/A-18,4053.790202366661,Clouds,9,1915,4900,56.00509090909091
Marrakesh,1,Robert Brown,F/A-18,4053.790202366661,Clouds,5,1915,4900,46.00509090909091
Marrakesh,1,Sarah Wilson,F/A-18,4053.790202366661,Clouds,8,1915,4900,53.50509090909091
Marrakesh,1,David Lee,F/A-18,4053.790202366661,Clouds,6,1915,4900,48.50509090909091
Marrakesh,1,Chris Walker,F/A-18,4053.790202366661,Clouds,7,1915,4900,51.00509090909091
Marrakesh,1,Jessica Miller,F/A-18,4053.790202366661,Clouds,10,1915,4900,58.50509090909091
Marrakesh,1,Daniel Harris,F/A-18,4053.790202366661,Clouds,4,1915,4900,43.50509090909091
